Brand,charming,cheerful,confident,contemporary,cool,corporate,daring,down_to_earth,exciting,family_oriented,feminine,friendly,glamorous,good_looking,hard_working,honest,imaginative,independent,intelligent,leader,masculine,original,outdoorsy,real,reliable,rugged,secure,sentimental,sincere,small_town,smooth,spirited,successful,technical,tough,trendy,unique,up_to_date,upper_class,western,wholesome,young
AESTURA,0.04155674413777888,0.09831281518563628,0.13570981845259666,0.04231022950261831,0.07257769675925374,0.013549798517487943,0.009352738037705421,0.004302670247852802,0.037289432948455215,0.046245557023212314,0.10236847680062056,0.0718939183279872,0.06043927650898695,0.07344404701143503,0.007036345778033137,0.0643971273675561,0.058300203178077936,0.0033749481081031263,0.07653526216745377,0.013902175473049283,0.0268200954888016,0.09159442642703652,0.0169109629932791,0.11023726314306259,0.03352041635662317,0.0077293014619499445,0.039340175688266754,0.15413091331720352,0.07619757764041424,0.0020373014849610627,0.055118732154369354,0.1651057107374072,0.025945696514099836,0.08355274982750416,0.013657602947205305,0.04745966102927923,0.05887118121609092,0.20472995936870575,0.06977875903248787,0.006526407552883029,0.04465230368077755,0.01840471476316452
AGE20'S,0.15640333241317422,0.24029010608792306,0.4536159819923341,0.04214138574898243,0.32990888906642796,0.008320648048538715,0.012752823997288942,0.00510936196660623,0.26773941244464367,0.06679749097675085,0.2810231546871364,0.37996859359554946,0.26865598568692806,0.2797716884408146,0.022030624514445662,0.16717425491660834,0.14404761642217637,0.0022487206268124284,0.3085416889749467,0.20899594847578556,0.02093364136526361,0.05992158879525959,0.018840367347002028,0.2070827995426953,0.2997030668891966,0.007357645453885198,0.3161261615343392,0.2686197208240628,0.2237550568766892,0.0015202557318843902,0.36463883258402346,0.3248581878375262,0.25404621437191965,0.07290140856057406,0.020861775800585746,0.2920722054317594,0.15777809470891951,0.31983752697706225,0.23371879612095653,0.199584665580187,0.17877125036902725,0.011286934092640876
Abib,0.015308169054333121,0.07668819392565637,0.3845760229974985,0.061381450830958785,0.22145427567884327,0.003889889270067215,0.04440569723956287,0.0032673921436071397,0.12622771376045422,0.10889279469847679,0.1939411739935167,0.2459695851430297,0.09442436276003718,0.20994815230369568,0.030567681568209083,0.20084885838441552,0.3188605205155909,0.32401127326884305,0.35671226317062976,0.05391951346537098,0.12014799722237512,0.016840399173088372,0.17491358512779698,0.24140001570340247,0.37311079669743774,0.029198554751928896,0.2997006939724088,0.3218756591901183,0.16847945088520647,0.0037701462279073894,0.32968442142009735,0.29988316632807255,0.16516760383965448,0.12590352445840836,0.05893644876778126,0.19751388829899952,0.24062633477151393,0.35596634075045586,0.1861546637956053,0.003500603459542617,0.3405081298085861,0.0027222153265029194
Anua,0.01764334528706968,0.14741196231916548,0.4135237693786621,0.01803834051825106,0.2151510750874877,0.01198624512180686,0.008965606428682804,0.0023080812767148017,0.0902315997518599,0.019796568714082242,0.08573535606265067,0.19774548131972552,0.11776876365765929,0.26714337393641474,0.007410747557878494,0.109331707470119,0.12200895957648754,0.0016737188445404172,0.38079699128866196,0.16724399887025357,0.08228690410032868,0.11215289779938757,0.06027609128504992,0.2973007379099727,0.42907204777002333,0.005085523659363389,0.11884240917861462,0.058240824937820436,0.08524714559316635,0.0007386467768810689,0.12486424157395959,0.22047049701213836,0.21032753568142654,0.13100625202059746,0.01321715135127306,0.14503902764990925,0.08033358175307512,0.5003247082233429,0.20473599592223762,0.07216494544409216,0.08425088422372937,0.0033825734397396447
BEYOND,0.07108989357948303,0.09438380599021912,0.13642220199108124,0.030138276517391205,0.14687927067279816,0.011477386578917503,0.012546834535896778,0.008252494968473911,0.060767073184251785,0.09754961729049683,0.050067294389009476,0.1383451223373413,0.09787500649690628,0.09837084263563156,0.008479360491037369,0.09084898233413696,0.11508400738239288,0.007581953890621662,0.10910392552614212,0.012255107052624226,0.030626054853200912,0.021415293216705322,0.018603259697556496,0.1583210527896881,0.05155211314558983,0.0087561821565032,0.1196872815489769,0.16671094298362732,0.08953321725130081,0.0016883185598999262,0.07584819197654724,0.2509819269180298,0.02724926732480526,0.0884411633014679,0.026510896161198616,0.0676286369562149,0.06643316894769669,0.17449945211410522,0.07467828691005707,0.011879811994731426,0.08605840057134628,0.0288604237139225
BIOHEAL BOH,0.002593507058918476,0.003192819654941559,0.019792817533016205,0.03599700331687927,0.021266257390379906,0.0012984663480892777,0.0020555141381919384,0.0012289895676076412,0.0052591306157410145,0.8668553829193115,0.0036178098525851965,0.019088570028543472,0.0037737120874226093,0.024782249704003334,0.3935902416706085,0.006594947539269924,0.020511211827397346,0.00048737021279521286,0.7228540182113647,0.0032515842467546463,0.001145558780990541,0.0069439648650586605,0.017741814255714417,0.06923691183328629,0.17347750067710876,0.001221387181431055,0.015101485885679722,0.027941346168518066,0.0025447814259678125,0.0005512905772775412,0.031156541779637337,0.11764450371265411,0.006646816618740559,0.19871900975704193,0.008420495316386223,0.008057006634771824,0.019007904455065727,0.3672850728034973,0.00652909092605114,0.0015699955401942134,0.06297650188207626,0.0026060377713292837
Beauty of Joseon,0.06686682279946075,0.07579552854359564,0.15005024113795823,0.0662472047843039,0.10950736895514031,0.012447573011741042,0.0231742099341419,0.007169432925163872,0.0593824185586224,0.0630306825817873,0.05579919885430071,0.13331722667337292,0.053314087201013334,0.08563707670610812,0.021666141770159204,0.09905351206867231,0.09231498289025492,0.008421459280523576,0.11204424686729908,0.013082453230809834,0.029877732688975003,0.08163731700430314,0.04158167835945884,0.11017202813592222,0.08997302711941302,0.027476574190788798,0.11780925763822678,0.058046728269093566,0.0903856561312245,0.005049911492581789,0.10205104246011211,0.1380114059170915,0.04125165678043333,0.11401623704781134,0.029241577566911776,0.04963238991331309,0.10342231739519371,0.22355595572541156,0.04667132391801311,0.014093737208491398,0.0556417635590252,0.03901948929867811
COSRX,0.18356055952608585,0.11049632355570793,0.161014162003994,0.04808750872810682,0.22793194899956384,0.01534866914153099,0.008418624599774679,0.0037607522681355476,0.07995409021774928,0.05969917153318723,0.034938776244719826,0.25488612055778503,0.06852016473809878,0.10722646117210388,0.015619525220245123,0.10634305203954379,0.061784026523431144,0.0026297960818434754,0.1429197539885839,0.0056320408669610815,0.015614003563920656,0.02251960088809331,0.07536296298106511,0.10818125928441684,0.14509056508541107,0.005079824787875016,0.11443305015563965,0.12336022530992825,0.06243234624465307,0.0013694660738110542,0.09537503495812416,0.15934120366970697,0.10203031667818625,0.11938470602035522,0.025703405650953453,0.03348730939129988,0.06557758028308551,0.13620598117510477,0.03611946478486061,0.0066998224550237255,0.049694771567980446,0.01487948807577292
Centellian24+,0.09022171655669808,0.08525932021439075,0.10634791105985641,0.025683224201202393,0.22699423134326935,0.052005644887685776,0.007323266239836812,0.007450790959410369,0.0721273235976696,0.03166639665141702,0.02636662684381008,0.057681343983858824,0.14367738319560885,0.24087554588913918,0.015852648299187422,0.05685531906783581,0.08039102703332901,0.002571172663010657,0.2979791387915611,0.03178966045379639,0.025006595067679882,0.1853693686425686,0.017189787002280354,0.10886623524129391,0.05190612003207207,0.009028215426951647,0.04826292581856251,0.020197434350848198,0.06122154928743839,0.0027851902414113283,0.0749444798566401,0.20026408694684505,0.035734936129301786,0.352960541844368,0.014348872005939484,0.04489890718832612,0.05192376300692558,0.22175830602645874,0.06782947573810816,0.013093024026602507,0.11057936633005738,0.021794271655380726
Dr.Belmeur,0.9839366674423218,0.7016764879226685,0.9881716370582581,0.19420191645622253,0.9662385582923889,0.07569322735071182,0.007172966841608286,0.002713060937821865,0.977626383304596,0.005043654702603817,0.4086928367614746,0.9332842230796814,0.8822742700576782,0.9499477744102478,0.19948528707027435,0.5782617330551147,0.8863845467567444,0.0006835755193606019,0.9896341562271118,0.04159226641058922,0.01593799516558647,0.03633173555135727,0.0153887290507555,0.782810389995575,0.9669868350028992,0.004796335473656654,0.2656211256980896,0.9782159924507141,0.8767326474189758,0.0015182025963440537,0.586143970489502,0.9875877499580383,0.034970659762620926,0.9955750703811646,0.019919874146580696,0.988760232925415,0.6527029871940613,0.7523797750473022,0.39453640580177307,0.10050983726978302,0.8209904432296753,0.019817717373371124
ETUDE,0.16196523569524288,0.1242831808514893,0.4542106717824936,0.07529380954802037,0.33858785927295687,0.0067291996092535555,0.03151447928976268,0.0023358997190371157,0.3507516115903854,0.3110078930854797,0.33123327828943727,0.36680762004107237,0.19563793390989304,0.25068870596587656,0.004839615500532091,0.288508396409452,0.46570239365100863,0.0070066031534224745,0.21020447164773942,0.002877851435914636,0.06168221086263657,0.07085776943713426,0.06361391991376877,0.101693045347929,0.0690558338072151,0.01415640818886459,0.08406139332801103,0.64058837890625,0.2751173634082079,0.0017976182163693011,0.09876612080261112,0.5476740539073944,0.00945452912710607,0.04934726627543569,0.10048553664237261,0.13901548106223344,0.2368074029684067,0.2949034467339516,0.05214971695095301,0.174772878899239,0.3799607131630182,0.05103352749720216
FATION,0.03286846715491265,0.028682636834370594,0.1884343703277409,0.12305392852673928,0.0951361005815367,0.08238302600026752,0.0440234990674071,0.0029426479207662246,0.08318502017452072,0.17751765992337218,0.08537356223678216,0.182949415097634,0.028350899073605735,0.06242670180896918,0.008296373552487543,0.06489376921672374,0.07214794102280091,0.001512550690677017,0.12312174153824647,0.01911303059508403,0.05420910378840441,0.03339634408863882,0.10688991375112285,0.12942175411929688,0.19205973988088468,0.01935625443002209,0.07324572761232655,0.1809638530636827,0.08129714363409828,0.0013785514650711168,0.1109028678232183,0.15248547707839558,0.1157615496776998,0.22225943836383522,0.09963989717653021,0.10570278740487993,0.048547993724544845,0.6581798692544302,0.17022893003498515,0.1709183497587219,0.19592048476139703,0.16763612759920457
FVRTS,0.004546644903408985,0.024454557802528143,0.20002202317118645,0.17995279856647053,0.058912704388300575,0.00792386916388447,0.030189392952403676,0.002359942843516668,0.03315793164074421,0.006593388970941305,0.16924985979373255,0.15375853391985098,0.08353282883763313,0.060336550076802574,0.04178618143002192,0.03979180318613847,0.06193674231568972,0.0012590891177145143,0.3070276767636339,0.0029996543113763132,0.01737196782293419,0.010887989968371889,0.04754090836892525,0.08335723417500655,0.31651895213872194,0.02973259488741557,0.07568424691756566,0.09500763285905123,0.03574697362879912,0.0008590645350826284,0.23690141861637434,0.0922106212625901,0.08539863427480061,0.17843015243609747,0.08335796281850587,0.03522236210604509,0.02706215747942527,0.5538910329341888,0.006283029370630781,0.0030906001144709685,0.2373245807054142,0.03849721773682783
Glint,0.08447325369343162,0.18515782430768013,0.24958115443587303,0.4379106712876819,0.1444594096392393,0.0007977722270879894,0.017233381746336818,0.0017296770820394158,0.28802213072776794,0.007923498749732971,0.019808167591691017,0.15044540166854858,0.2799487803131342,0.08345093205571175,0.0031598061323165894,0.09571106033399701,0.10143738053739071,0.0012668955605477095,0.028996202163398266,0.0017931510228663683,0.001306019490584731,0.005908812861889601,0.08587230741977692,0.26162916980683804,0.049458201974630356,0.019600433995947242,0.1237693652510643,0.08948914986103773,0.21630954090505838,0.0008746422245167196,0.09695358714088798,0.38273031637072563,0.005113987252116203,0.012832018546760082,0.013818341307342052,0.024015450850129128,0.036474037915468216,0.28004488721489906,0.006633564596995711,0.2986707194359042,0.34758182847872376,0.0023605755995959044
HERA,0.40268142787473543,0.11710773870748069,0.624882772564888,0.23855482720370805,0.5180541851690837,0.06751750140184802,0.020088329512093748,0.0023207988207494573,0.5057299584150314,0.7315253487655095,0.6474123767444065,0.6002522259950638,0.43494367599487305,0.43972542722310337,0.12224165157281927,0.2856078861015184,0.678762919136456,0.1972505532820443,0.6341881017599788,0.08134590501763991,0.22217342683247157,0.06062041136569211,0.07392690237611532,0.15280135987060411,0.32169430596487864,0.010645963467790611,0.11509398397590433,0.7767347778592791,0.2099068329802581,0.0016575019523900533,0.221301325596869,0.6901380292006901,0.016907910583540797,0.10852820186742715,0.1119753077925582,0.5116182171872684,0.8515642540795463,0.3888768809182303,0.32591182445841177,0.42979587108961176,0.40437489175902946,0.03314644524029323
KAHI,0.09847623168025166,0.13891518651507795,0.24623730359598994,0.05729035707190633,0.18858613434713334,0.038571192300878465,0.05039705743547529,0.031228011357598007,0.10991113004274666,0.10510043567046523,0.17632344691082835,0.24454073305241764,0.12268301099538803,0.1712761033559218,0.049370413820724934,0.23361895885318518,0.12547278683632612,0.2097233249223791,0.15535390260629356,0.04064561822451651,0.10122047690674663,0.08184500271454453,0.09079347644001245,0.17962542595341802,0.20140322588849813,0.05618870770558715,0.2931734480080195,0.1707117750775069,0.1898659465368837,0.07134092622436583,0.20647510967683047,0.201526042772457,0.14328173536341637,0.09290865925140679,0.0439958602655679,0.13007037714123726,0.12587343156337738,0.15510954638011754,0.0899707346688956,0.04281633300706744,0.169019652181305,0.023181049153208733
LANEIGE,0.06166949263184934,0.10947991950053941,0.32265098623054866,0.052968743181896996,0.12851122165482273,0.007325271685498164,0.16998486324925632,0.003883501816102687,0.15292047231238992,0.08309557714828235,0.07191153493134633,0.14445087827249048,0.046527856002178264,0.12015382896232255,0.028557010309989837,0.10537110217025175,0.19025452106314547,0.03336626527872046,0.10055346239139051,0.014838631480576141,0.06720501514535178,0.015039355754304458,0.08648335589917705,0.047004731810268235,0.10873333744102102,0.01889277368044371,0.10615445437895901,0.3400075255400118,0.18667335961671436,0.013771517640527557,0.03459346314946957,0.20828590935150929,0.045890055802267266,0.17440906731302247,0.05598781256498221,0.0636450081365183,0.06572570977732539,0.32735243680722576,0.03744424605632529,0.02994849393829046,0.049758662497076916,0.03102315917118069
MENOKIN,0.019349069381132723,0.07280827388167381,0.16738885901868344,0.03333653509616852,0.10586271528154612,0.010853266483172775,0.01189185781404376,0.006746938219293952,0.039481214620172976,0.05626620193943381,0.04948880635201931,0.09681628867983819,0.03493155874311924,0.06799495611339808,0.02676215022802353,0.09540517181158066,0.06664948090910912,0.01578434663824737,0.11781696379184722,0.006629415228962899,0.23125492837280034,0.015855936519801616,0.028715352714061736,0.09634659402072429,0.0966159887611866,0.01747373789548874,0.12537415996193885,0.0413984514772892,0.09671033006161452,0.0022913452936336397,0.13504140675067902,0.10111720710992814,0.038379760924726725,0.0873866118490696,0.022489917278289796,0.01468921392224729,0.0380911473184824,0.09646540060639382,0.02820432707667351,0.006366168847307563,0.09805376157164573,0.035811830498278144
MISSHA,0.009843362960964441,0.059762611705809834,0.30243961215019227,0.27794310804456474,0.05579057689756155,0.04820556720951572,0.014049730915576219,0.0015470755053684116,0.0363060106523335,0.12552526048384607,0.15373019697144627,0.15796788074076176,0.05295125599950552,0.03591302139684558,0.05707785417325795,0.09454263802617788,0.3432549849152565,0.06298126374022103,0.20682563930749892,0.021999620995484293,0.03831481927772984,0.21151881106197834,0.16797365392558278,0.2322970401495695,0.19397115837782622,0.006414473382756114,0.19651759611442685,0.3277524494566023,0.22283284980803728,0.0011362415156327189,0.10575883239507675,0.3059548090212047,0.04721839893609285,0.31252940809354185,0.08708819430321454,0.07029456943273545,0.19858386367559433,0.4568095773458481,0.10035621849820017,0.025491239200346173,0.220504005625844,0.020614428562112153
NATURE REPUBLIC,0.17821708442643286,0.2724001307040453,0.3704702267423272,0.08648691903799773,0.37291967377532276,0.2259913177927956,0.10375954718329013,0.022639551665633917,0.3657656278926879,0.33876325087621806,0.17094557310920208,0.4421610492514446,0.21387273813597857,0.2860256050247699,0.06274637945462018,0.23484992841258645,0.4291599251329899,0.039964905477245335,0.35259140003472567,0.0552531571011059,0.03635729670641012,0.06658667149022221,0.21360371119808405,0.35689312368631365,0.4274438007036224,0.07872068446595222,0.3180500746704638,0.5094037308357656,0.2795467948541045,0.040311230724910274,0.22029819525778294,0.483672174718231,0.08059818900655955,0.07417582022026181,0.19933417793363334,0.20808976034168153,0.419951156526804,0.3303214631974697,0.1213310279767029,0.02970644159941003,0.1886243624612689,0.01306629478931427
OHUI,0.1377911670715548,0.10028512550828357,0.40162321273237467,0.037859635815645255,0.19004169199615717,0.004349370836280286,0.015668468549847603,0.001008632922700296,0.1773004501592368,0.07505687062318127,0.011227610055357218,0.13641910860314965,0.2297356000247722,0.13768360127384463,0.004170651858051618,0.16271683228357384,0.20240682099635401,0.0011839577928185463,0.15013459573189417,0.001987119709762434,0.012428314386246106,0.00782568488890926,0.019092854888488848,0.1991348242542396,0.22075830275813738,0.00447513807254533,0.13801013057430586,0.19719921347374716,0.18922176179088032,0.0007170266277777652,0.17509569631268582,0.27981981767031056,0.04961595622201761,0.2214090901737412,0.016209548494468134,0.010735959047451615,0.047862896074851356,0.2781306567291419,0.010804445094739398,0.031828966340981424,0.24691695161163807,0.002708292022968332
OURWHY,0.3079266846179962,0.3123100996017456,0.22861728072166443,0.07778792083263397,0.4692440330982208,0.006154964677989483,0.05124863609671593,0.0020128577016294003,0.34106913208961487,0.8708789944648743,0.7295318245887756,0.5214775800704956,0.4454419016838074,0.3535953760147095,0.001974772661924362,0.06371761858463287,0.70704585313797,0.0009071363019756973,0.340890109539032,0.008333190344274044,0.25790488719940186,0.020511239767074585,0.06724041700363159,0.19380119442939758,0.04464849829673767,0.016376422718167305,0.027426928281784058,0.9026390910148621,0.10449068993330002,0.004083755426108837,0.013514096848666668,0.6897342205047607,0.024334559217095375,0.06489132344722748,0.022017421200871468,0.6028844118118286,0.6196914911270142,0.39385461807250977,0.2646322548389435,0.0545770600438118,0.11676960438489914,0.013453219085931778
ROUND LAB,0.037813322308162846,0.06457128329202533,0.13363532473643622,0.06104785390198231,0.12533206989367804,0.008524569488751391,0.011617617526402077,0.013020771477992335,0.07737577504788835,0.05148014224444827,0.04164040538792809,0.14517395850270987,0.08499952708370984,0.10070772469043732,0.03110077961658438,0.11705828706423442,0.1001092977821827,0.004956361430231482,0.12869793890664974,0.010607882402837276,0.0212023607455194,0.10417956362167995,0.08240931884696086,0.1301028604308764,0.13597006381799778,0.02167982468381524,0.19992052018642426,0.0560128769526879,0.11195426372190316,0.008549558464437723,0.2262274264357984,0.1941585031648477,0.06384671137978633,0.10591543931514025,0.03724946112682422,0.05935967698072394,0.06267081821958224,0.14902545139193535,0.040292097721248865,0.019080840206394594,0.12118672579526901,0.02517355838790536
SKIN1004,0.051213961420580746,0.07094100888352842,0.14278175900690257,0.10250487886369228,0.0783127749338746,0.013437832589261234,0.031861724820919334,0.0221362991258502,0.07561121836770326,0.053003281145356594,0.06508004874922335,0.11605635727755725,0.08907634005881845,0.05493041353765875,0.021006057085469366,0.1348273938521743,0.11420721136964858,0.03753613787703216,0.07459408156573773,0.022198938904330133,0.025596458138898014,0.03144200509414077,0.10385779291391373,0.12777543552219867,0.10347193928901106,0.031514747673645614,0.15136286874767393,0.23279057838954031,0.15497026019729673,0.0029670366318896415,0.1449758040253073,0.1841750231338665,0.0543813812546432,0.08879738254472613,0.05763084329664707,0.07976487528067082,0.060502530983649196,0.11313724368810654,0.034064739407040176,0.03151884705293924,0.10240274812094867,0.02364967721514404
Sooryehan,0.005797393620014191,0.008785479702055454,0.12068074196577072,0.21442322432994843,0.012876679189503193,0.00480338279157877,0.0029049464501440525,0.0018478191923350096,0.011108389124274254,0.006974477786570787,0.00679557491093874,0.010534554719924927,0.007018845062702894,0.013270722702145576,0.004970171023160219,0.026116400957107544,0.022149769589304924,0.00091348378919065,0.042903464287519455,0.002921660430729389,0.007002525497227907,0.016962669789791107,0.005693287588655949,0.08415447175502777,0.01071823388338089,0.003275826573371887,0.020882414653897285,0.010464352555572987,0.04545653983950615,0.003615797497332096,0.0313473641872406,0.1097918376326561,0.01137661561369896,0.12429516762495041,0.005446852184832096,0.006086632609367371,0.03362235426902771,0.1993637979030609,0.02075113169848919,0.004073808901011944,0.0133757209405303,0.01516813039779663
Sulwhasoo,0.01498556137084961,0.019725122372619808,0.0761485486291349,0.08525951742194593,0.023464971804060042,0.005430907680420205,0.01000234525417909,0.0021736267080996186,0.022822136874310672,0.04298626305535436,0.03589256328996271,0.025313040358014405,0.018494175048545003,0.03127268608659506,0.022908521466888487,0.0281344479881227,0.03940954338759184,0.001592689863173291,0.039337496971711516,0.010279584472300485,0.015766610857099295,0.031236116774380207,0.010833389707840979,0.044088855385780334,0.0538395878393203,0.010481475794222206,0.03395284991711378,0.03533236728981137,0.037757482612505555,0.0012746510474244133,0.04035010596271604,0.059131684713065624,0.035152449388988316,0.07136359857395291,0.015672590117901564,0.020710025331936777,0.053762124851346016,0.22594543918967247,0.031064700335264206,0.009197606355883181,0.03632692503742874,0.04259966500103474
TIRTIR,0.2595798003487289,0.17690566037781535,0.5562474429607391,0.17079643048346044,0.39247603714466095,0.009834611788392067,0.030170754808932543,0.002522624540142715,0.4214727684855461,0.4542871966958046,0.4479877263307571,0.5262368801981211,0.2600521221756935,0.4268146727234125,0.007585955550894141,0.29575773477554324,0.6010809898376465,0.13773588854819535,0.4784107208251953,0.00955564498435706,0.1905712024308741,0.020515784807503223,0.04879973093047738,0.223992158472538,0.23172856848686935,0.019154113112017514,0.11825699768960476,0.659201854467392,0.31419402211904524,0.0014886827557347715,0.21072411090135573,0.49821808785200117,0.02858142168261111,0.05585928000509739,0.033611879171803596,0.2979847315698862,0.49904478564858434,0.25812914967536926,0.16898724352940916,0.12261671288870275,0.23943977579474449,0.012518021208234132
TONYMOLY,0.35646654011216017,0.3896722954697907,0.6801018431782723,0.04364571711048484,0.5553973304806277,0.020559002744266763,0.021990276977885515,0.003222705167718232,0.519039098569192,0.4569364721886814,0.42414164057699966,0.6792509837076068,0.32883062241598965,0.48898722308222203,0.028618631581775845,0.36581387370824814,0.5149516575038433,0.18574633305543103,0.49692814219743014,0.049099532479885966,0.10909552671946585,0.01310123570729047,0.046993170958012344,0.1700932804495096,0.43361570201814176,0.01844441347057,0.2959833675995469,0.6917369514703751,0.5015703681856394,0.01415311541641131,0.3003169327042997,0.5991207502782345,0.062087507173419,0.05550387032562867,0.027578172576613724,0.49190856360364704,0.40964841432869437,0.3309842303395271,0.11033117491751909,0.06799377219285815,0.3032159309834242,0.01154776371549815
Torriden,0.0259652491658926,0.07698392099700868,0.011418046313337982,0.014329714700579643,0.08362417959142476,0.016626207157969475,0.2942872392013669,0.062328204745426774,0.05458685220219195,0.07685679942369461,0.06588724022731185,0.13830038043670356,0.01961819129064679,0.0871210116893053,0.09268371295183897,0.015148255042731762,0.036596803925931454,0.45064124118653126,0.13064272236078978,0.01093872037017718,0.049075744522269815,0.012710212031379342,0.4267575601115823,0.008118064142763615,0.113522709463723,0.1808990496210754,0.05820056109223515,0.14447611826471984,0.013058036973234266,0.009993138024583459,0.006648993119597435,0.02645514439791441,0.010028358432464302,0.47141892090439796,0.26433699345216155,0.02839272713754326,0.08249824866652489,0.5836660787463188,0.052785652689635754,0.05235850648023188,0.019948134664446115,0.3039527600631118
UGLY LOVELY,0.1032189130783081,0.1614103466272354,0.21832141280174255,0.07042545080184937,0.1711459904909134,0.010328303091228008,0.10081958770751953,0.03655961528420448,0.13618189096450806,0.022392746061086655,0.16646814346313477,0.21995580196380615,0.215528205037117,0.1841551959514618,0.0307779423892498,0.20272541046142578,0.11623726785182953,0.04161381348967552,0.09772838652133942,0.016390221193432808,0.055897798389196396,0.04359036311507225,0.09585515409708023,0.1306309998035431,0.16487012803554535,0.09447193890810013,0.19843636453151703,0.18040214478969574,0.20663787424564362,0.002569040283560753,0.10461395233869553,0.16419389843940735,0.11140235513448715,0.07167980819940567,0.08918856084346771,0.12542347609996796,0.08106613904237747,0.13935920596122742,0.07002665102481842,0.023827457800507545,0.07427667081356049,0.018783697858452797
biodance,0.013793656328094326,0.02849615037640823,0.10103851383818048,0.040644635479631167,0.03504560957662761,0.01142122717906854,0.02661845284248037,0.014082683591238623,0.03797691501677036,0.03303071906390999,0.029440595801653608,0.05262225428928754,0.030720231123268604,0.03742584862214114,0.017829358361528387,0.08974726980419032,0.09318615050454225,0.026978267074030424,0.03657083958387375,0.014434497961441852,0.016173279461716965,0.025461776947070445,0.03924307850788215,0.09252458378406507,0.06539657632155078,0.03559153217689267,0.08730534643733076,0.08310973601016615,0.09591632489381093,0.0017623519732816412,0.0720428435930184,0.07902108924463391,0.050842084123619964,0.08703028517110008,0.04058010965984847,0.028539061745894805,0.03057102409989706,0.15560696486915862,0.04868031514342874,0.008749336602964572,0.04832505853846669,0.017236141487956047
code glökolor,0.010426263324916363,0.053678128868341446,0.25825801491737366,0.0872308760881424,0.03275313228368759,0.0012874009553343058,0.007247856352478266,0.005003141704946756,0.0177699476480484,0.009384945966303349,0.03477177023887634,0.1009853333234787,0.04320848733186722,0.03886966407299042,0.01928846351802349,0.2684386670589447,0.2760932147502899,0.06945241987705231,0.02633516490459442,0.003007554914802313,0.0023566195741295815,0.010398099198937416,0.009373856708407402,0.19278450310230255,0.2135724127292633,0.004275726620107889,0.30050817131996155,0.22656071186065674,0.4140835404396057,0.0008944804430939257,0.09048284590244293,0.16187597811222076,0.01703522354364395,0.013086184859275818,0.006361623760312796,0.04426120966672897,0.015349114313721657,0.2887575030326843,0.10613954812288284,0.001565200393088162,0.1623849868774414,0.004078956786543131
d'Alba,0.09038595358530681,0.11107588683565457,0.41227354605992633,0.13735181838274002,0.12952755577862263,0.0207937005131195,0.050831517204642296,0.029454731130196404,0.13117188215255737,0.05034684420873722,0.06931115438540776,0.17967048163215318,0.1156822641690572,0.1918997367223104,0.03745165063689152,0.20901935268193483,0.26037825147310895,0.19718519014228755,0.21421202148000398,0.16905311844311655,0.06714363970483343,0.058622186072170734,0.03041629275927941,0.22565095064540705,0.20790886941055456,0.05049187534799179,0.12853697563211122,0.33399193237225216,0.29212405532598495,0.007387724278184275,0.12112710811197758,0.306592325369517,0.14466615983595452,0.12041836107770602,0.04535580271234115,0.14748056776200733,0.2185701752702395,0.5208907326062521,0.24245592229999602,0.06728747518112262,0.2070846433440844,0.05178416186633209
freshian,0.48654696345329285,0.18715830775909126,0.602433358784765,0.1563445966845999,0.4574254439212382,0.03581167301551128,0.025424050943305094,0.005814734477705012,0.46424105965221923,0.2706385216927932,0.35135445611861843,0.4705482696105416,0.31077861646190286,0.46005014376714826,0.10291927637687574,0.24754966459780312,0.3586637206996481,0.009154231593129225,0.4958724652727445,0.01667239171608041,0.08396962882640462,0.07794055218497913,0.10745377326384187,0.27167641340444487,0.24096205985794464,0.013799879777555665,0.19677590392529964,0.6047788976381222,0.2822809768646645,0.002626576208664725,0.27318330029568944,0.5524219976117214,0.04599287409412985,0.25052690878510475,0.15204269268239537,0.4381985684546332,0.29845632550617057,0.4227528137465318,0.13606813887599856,0.07163016653309266,0.2508408223511651,0.014720096543896943
fwee,0.20901857325225137,0.16869252506876364,0.29625885147834197,0.11846741125918925,0.3061268080782611,0.017183846626721788,0.009257981393602677,0.003028337516298052,0.26724313088925555,0.17246402965974994,0.30806337122339755,0.2620454538264312,0.2535380089539103,0.2109677049156744,0.003524333704262972,0.11829206440597773,0.1020890602376312,0.006396265045623295,0.11801129975356162,0.021712072062655352,0.05495290021644905,0.0163847673102282,0.14756296048290096,0.1286399923847057,0.10517624620115384,0.010934987767541315,0.1374441683292389,0.36511262611020356,0.2860721071192529,0.0016374522529076785,0.16271740983938798,0.3250599158927798,0.030953046050854027,0.024859607219696045,0.12244983857090119,0.10711713746422902,0.14931057713693008,0.25909716822206974,0.04236957139801234,0.18792340302024968,0.23252638528356329,0.019982817888376303
innisfree,0.164412106317468,0.11410776389141877,0.23972859846738478,0.027757179015316068,0.21946621631116917,0.019934739661403002,0.016203086644721528,0.0026921845274046063,0.19198798904350647,0.14447268745085845,0.14593540572871763,0.19409456859963636,0.2142250067864855,0.23534386002769073,0.03601058148002873,0.0656483411982966,0.11124964469733338,0.00351797080753992,0.2139550956043725,0.012071007691944639,0.03284935797564685,0.03698030530164639,0.1269481540347139,0.07836331521781782,0.16204220953707893,0.01789921335875988,0.207488174631726,0.1925016173472007,0.08204044145531952,0.008165593262917051,0.13850513415333504,0.28231555512174966,0.09207590051616231,0.16586553336431584,0.04246514989063144,0.12809514788289864,0.21405542598416408,0.34360517052312695,0.02231331649236381,0.02038408409183224,0.14509801988800367,0.0197713480098173
ma:nyo,0.22276622294448317,0.16414514174684883,0.5451114017516374,0.02884507104754448,0.3026612654328346,0.0800086892908439,0.04080581367015838,0.004219369357451796,0.29434507731348275,0.45541763617657127,0.32683926620520654,0.431441174633801,0.0974142061546445,0.3472759945318103,0.010115717770531774,0.2132404019124806,0.3368496734648943,0.014970749348867685,0.4377760276198387,0.00917646570596844,0.22079930175095797,0.011014784080907702,0.08954634279944003,0.049321763962507245,0.34187762085348367,0.03826772407628596,0.2982568085193634,0.5135656647384167,0.24964853022247552,0.000948356802109629,0.21908026933670044,0.474201063811779,0.0117942129727453,0.07590390658006071,0.08015575418248773,0.06863281561527401,0.20066216234117745,0.34019675105810165,0.03625467696692795,0.007209147769026458,0.20940112341195344,0.009650675137527287
mixsoon,0.00615791991003789,0.027978148660622537,0.13411716528935358,0.02507581136887893,0.08280960586853325,0.0035501415841281414,0.017571908480022103,0.0038074101612437516,0.04067947721341625,0.11313635413534939,0.02072246724856086,0.16287522949278355,0.07794362070853822,0.1311504699406214,0.06443508723168634,0.1158258318901062,0.08920604747254401,0.1257419492540066,0.16778166170115583,0.0056308802450075746,0.04253742936998606,0.012477445474360138,0.08353794872527942,0.1144795038853772,0.22068132797721773,0.0268088256707415,0.15160026110243052,0.08761365129612386,0.059671078401152045,0.004896062644547783,0.19794055918464437,0.10992276278557256,0.03672805748647079,0.05688547599129379,0.09246694960165769,0.10329635720700026,0.12163958884775639,0.45372540317475796,0.14400048370589502,0.10053807184158359,0.17121966718696058,0.029649937714566477
su:m37°,0.017057528084313326,0.0416619691320441,0.18499056114391846,0.025131575540978123,0.03270443482324481,0.002182186792858622,0.06606000297787515,0.002602517340247604,0.03215521112592383,0.055358767340129074,0.08730306425555186,0.12685956805944443,0.047810044097290796,0.03192036848684603,0.02183399514549158,0.08238621604290199,0.12058697319166227,0.08116716698912735,0.11373018566519022,0.002355644056065516,0.012090435124595057,0.007320807230743495,0.2822556890208613,0.11780026145491072,0.083613757700236,0.03285591196353463,0.1523325182074173,0.4878789013759656,0.13628550912041895,0.001974829446143386,0.18048847327008843,0.22764496572993018,0.00806686233475127,0.05310266005637294,0.07712615135295148,0.018005998043174095,0.034915355436334554,0.09375224829736081,0.0034840531668371773,0.011246705417182635,0.13425291079858487,0.009406657561405816
