Brand,charming,cheerful,daring,down_to_earth,honest,imaginative,intelligent,outdoorsy,reliable,spirited,successful,tough,up_to_date,upper_class,wholesome
AESTURA,0.06634798436425626,0.108112548943609,0.03136727733847996,0.01752850958534206,0.0836106560503443,0.05858569219708443,0.05787927017081529,0.016752488678321242,0.026632312607641023,0.08536270741994183,0.058519230146581926,0.010693452204577625,0.08347171232647572,0.06788736085096995,0.06812336505390704
AGE20'S,0.26735510656144473,0.2962928068358451,0.1908548139578973,0.024475702891747154,0.19933737044533095,0.15091285556554795,0.1299212485280198,0.07978622476415088,0.21261995097932718,0.2220180036655317,0.30555271494667974,0.014109710627235473,0.12140921111761903,0.2607154900828997,0.11934641958214343
Abib,0.1796445881559824,0.21484447941960147,0.12271576643300552,0.038643444356663774,0.20357610832434148,0.2797434276435524,0.16216855896636845,0.09952072860323824,0.23445972407935187,0.17468655244447293,0.20122104676750796,0.04406750175985508,0.24711968828341924,0.16350905961977938,0.17867426449083723
Anua,0.07608098097455998,0.1344660895255705,0.08141207794348398,0.007614432255892704,0.1639598636577527,0.10117127066478132,0.17459649614368877,0.07157598027649024,0.18510840150217214,0.14633471517978855,0.2636984346434474,0.009151337505318224,0.1733455891953781,0.19654937783877055,0.09820189101155846
BEYOND,0.06566845998167992,0.1331466237703959,0.04698084822545449,0.03583014360629022,0.11290108412504196,0.09075858816504478,0.0696741584688425,0.020369708848496277,0.0599062517285347,0.14224054043491682,0.05864219212283691,0.01763353915885091,0.07073989417403936,0.09030804534753163,0.0537368468940258
BIOHEAL BOH,0.012455952897047004,0.016740911950667698,0.005123883796234925,0.2895452210213989,0.026125546932841342,0.019759558141231537,0.307623831438832,0.006819122858966391,0.19405640941113234,0.047172266291454434,0.009897072799503803,0.004820941248908639,0.1345898154443906,0.011695017572492361,0.03496023337356746
Beauty of Joseon,0.07490568803795786,0.08905316116202071,0.04406300613535913,0.02508334233317765,0.09987039877860633,0.0978686501427243,0.07950268564228381,0.028517716085641746,0.07648280884259967,0.09551275472363663,0.0681281170497338,0.02835907587885029,0.09940820659674636,0.06187416260837819,0.06863954028166416
COSRX,0.10462479024297662,0.1629142231411404,0.04062000806960795,0.021609796625044614,0.09231888585620457,0.06368080340325832,0.09255104305015671,0.03255892966666983,0.09171438015376528,0.1340508802483479,0.08955883984971376,0.015391615219414234,0.062307761995018356,0.07062203023168777,0.03610718622803688
Centellian24+,0.06384427441904943,0.054379366183032594,0.04144983234194418,0.013967459284079572,0.07564770119885604,0.0661573950201273,0.23431510850787163,0.01842980203218758,0.03867389804994067,0.14968419664849839,0.05795750254765153,0.011688543716445565,0.08333756763022393,0.15079413494095206,0.14797436748631299
Dr.Belmeur,0.6595911582310995,0.8710589011510214,0.6578531943572065,0.0030916394122565785,0.7459349234898885,0.7695437669754028,0.6869674846529961,0.043945520495375,0.4773644159237544,0.6578813418745995,0.35491152107715607,0.012358104810118675,0.31575508900762844,0.7422528167565664,0.4286610893905163
ETUDE,0.19732154492909712,0.3772263932662705,0.17376052398079386,0.10504713700696205,0.22177293505519632,0.3512548983097077,0.08876031251080956,0.10002300322521478,0.05265228087858607,0.3124318135591845,0.1555143507818381,0.0573209724156186,0.12573461981179815,0.16615878560890754,0.22540924130007622
FATION,0.07638163240497103,0.1308653016652291,0.07763710221560259,0.06061295310306985,0.09187088899003963,0.06034796737367287,0.1425880686341164,0.11067245576608305,0.09120061368189959,0.13841923508637896,0.10776965020017493,0.05949807580327615,0.26091544949061546,0.08700217697252004,0.11465841442501792
FVRTS,0.13689930777117196,0.09107357486047678,0.032856562233064324,0.003270798783180201,0.05296533699664805,0.0444994498975575,0.16446056612120527,0.022667825435443472,0.14466312682876983,0.06320684779590617,0.09614010391912113,0.05654527885296072,0.2450343068727913,0.05005080276168883,0.12410628533689305
Glint,0.06707833614200354,0.14169745861242214,0.10975698777474463,0.003509272685429702,0.19121659034863114,0.06895570922642946,0.014208664312415445,0.1286163487820886,0.05879579111933708,0.17651676720318696,0.0854960975702852,0.016709387651644647,0.23974081802104288,0.12334442565528055,0.17674532067030668
HERA,0.4237983767386703,0.4980315808539412,0.3458121683714645,0.24516788317954963,0.2161053596507935,0.7651635866080011,0.2700779350097513,0.2419654000993995,0.1863433138378674,0.4137795532033557,0.2410455293886896,0.0613106356301744,0.27489408713466085,0.400193642558796,0.2324976515623608
KAHI,0.16042492942263684,0.1847225648816675,0.09679285487315308,0.06922312441747636,0.20103677711449564,0.12567310919985175,0.09561125138619293,0.07827676211794217,0.1813156959057475,0.13776440875759968,0.1433882190613076,0.050092283985577524,0.14070774279146767,0.1279766163400685,0.12543232744792476
LANEIGE,0.056058163570888414,0.19797944110434726,0.12885011456605486,0.03358353220163753,0.11301639786574476,0.12799011542023542,0.09409593379663705,0.061212288327606425,0.08114826737665663,0.12260676339250424,0.12779322450446404,0.037440293122712964,0.13789581508928106,0.06804197700694203,0.032399009125690686
MENOKIN,0.06795976082794368,0.0703410046796004,0.02202076211882134,0.021768161817453804,0.09615403196463983,0.05237031411379576,0.07201894737469654,0.08877881664472322,0.08291743298371633,0.08093058429658413,0.07079934505745769,0.019981827586889267,0.0485287607802699,0.04371028064439694,0.05695484904572368
MISSHA,0.08977746410916249,0.18182764730105797,0.04021677033354839,0.042736192501615734,0.18322417599459487,0.2709194242954254,0.18918687153685218,0.07725990413455293,0.14918886955517033,0.12745327149362615,0.1238858773605898,0.046751333842985326,0.265911316376878,0.0630734986315171,0.21601140834391117
NATURE REPUBLIC,0.18982028426447262,0.4079883035970851,0.22587164513921984,0.13390467775558743,0.2904299489843349,0.42455554082989694,0.21758617934926103,0.09322248316796806,0.2694134182762355,0.289886047760956,0.16877385761666422,0.13902743119979277,0.15225776257090426,0.20707645704581712,0.12760551697574557
OHUI,0.1080381578131993,0.14463448252839348,0.06790162591884534,0.02559417672455311,0.18369113944289792,0.1251348585356027,0.12529768558063856,0.021116711871905457,0.1209796950634983,0.15752326722981203,0.15107542955471823,0.010342343283506732,0.10572475011253524,0.12607454879778543,0.12737131825027367
OURWHY,0.3503242020184795,0.5788089235623678,0.3317340599993865,0.29232520253087085,0.12066983431577682,0.6633686721324921,0.13731213255474964,0.12657412141561508,0.024683399746815365,0.39081049089630443,0.08709501009434462,0.019196921959519386,0.15751655840237314,0.3545565108458201,0.06864042207598686
ROUND LAB,0.10189371804396312,0.08858603958247435,0.04945102318500479,0.02435015739562611,0.11970513707233799,0.08139005800088248,0.08104598257018046,0.040897506599624954,0.12233045454033548,0.11488804381547703,0.06936330617301995,0.02946464290531973,0.07167655557471637,0.07533311649846534,0.11268314470847449
SKIN1004,0.08708993806503713,0.13992931485020865,0.062412606156431134,0.02603553896769881,0.13919102985722323,0.08735487117664889,0.05894309889990836,0.05365769936858367,0.0919469550407181,0.09537915842762838,0.07312069305529197,0.04457279548514634,0.08439275347627699,0.059357164334505795,0.06692237660754471
Sooryehan,0.014646777572731176,0.00992812899251779,0.006699989394595225,0.004146031492079298,0.05190913751721382,0.027886061929166317,0.057334004901349545,0.005589873995631933,0.012190273186812798,0.04594554907331864,0.04499300600339969,0.004361339379101992,0.1382335020074,0.013680233154445887,0.015169195365160704
Sulwhasoo,0.030409410207842786,0.026790176673481863,0.01784483582014218,0.015478180270292796,0.03666026199546953,0.04658583411946893,0.038710667742028214,0.011932535640274486,0.03690031974110752,0.041732107172720134,0.04052686083014123,0.013077032956061885,0.10426588215826389,0.02694385382346809,0.03378152090590447
TIRTIR,0.30609721252694727,0.4541147983477762,0.2498760849547883,0.15276616799722736,0.27798130512237545,0.5500628877431154,0.18136820420622826,0.12066254875001808,0.1191905072424561,0.30107071540163205,0.19812816987590243,0.026382996141910555,0.188887156235675,0.2852846794761717,0.12997778030112386
TONYMOLY,0.3603083711311532,0.5868867435492575,0.34431264638357484,0.15810409759093697,0.3458258407811324,0.46230003591626884,0.19099700508910855,0.07469415662344545,0.2527392337331548,0.3886886148247868,0.2637629609438591,0.02301129302359186,0.18679209350181433,0.3093830068052436,0.15815858334535735
Torriden,0.0328338275042673,0.11992013989947736,0.12575560618036738,0.04972604739790162,0.012108118719576547,0.05954752629622817,0.20622928347438574,0.176063937038028,0.0881356611692657,0.1380106946841503,0.010795041705326488,0.22261802153661847,0.34954567821114324,0.05317495188986262,0.01632917334791273
UGLY LOVELY,0.12476700296004613,0.1872560977935791,0.12080831825733185,0.020507133876283962,0.17999809483687082,0.0986517034471035,0.05991216593732437,0.058526803428928055,0.13136147831877074,0.11804119559625785,0.1153713297098875,0.09183024987578392,0.08379949008425076,0.15657001733779907,0.05893351696431637
biodance,0.03842569857425544,0.05474271355862064,0.031044809868381845,0.01629191820947675,0.09272939282735544,0.06187858730221966,0.045007450644680785,0.02138856485752123,0.05684376037346998,0.04376761343640586,0.05543836530774743,0.038085820918370566,0.07440995580760673,0.03894213162961283,0.03689341774276857
code glökolor,0.04522695982207855,0.12707472468415895,0.02309300455575188,0.00509418937144801,0.2917689035336177,0.1457211645320058,0.013569583573068181,0.004431892225208382,0.17778968252241611,0.0662360223941505,0.0927669311252733,0.005318675190210342,0.14848026633262634,0.0627392331759135,0.08639154303818941
d'Alba,0.09360807202756405,0.20824610028001997,0.10982798903973567,0.02906309987237263,0.2422647862177756,0.23947421337167424,0.11847469435694317,0.05494913588174516,0.12463249855985244,0.16263468100482392,0.24199760811299917,0.04792383903016647,0.2851425803770932,0.1833459743971212,0.13285341470812756
freshian,0.3703615732892002,0.4208284916692517,0.30928789301671916,0.09302661079305431,0.2671690182889708,0.3285600231029093,0.2607370156911201,0.08768452287444639,0.1802190800533733,0.34152251269228556,0.2216995415316584,0.08292128622997552,0.19608388067475366,0.3022989663683499,0.16439068726807213
fwee,0.22659978477167897,0.26528353500179946,0.12787274991569575,0.05904327314298522,0.17766805463664545,0.12569981868728064,0.05335158453332648,0.13014642123986656,0.08204824941155191,0.21705651395313907,0.11630798986395045,0.06669241316922125,0.12798694817562742,0.16895842842253236,0.12445557629689574
innisfree,0.14961754873317354,0.16690131661275195,0.11209540785704221,0.05177682174706003,0.07535069929047798,0.16265253534074872,0.13325178954336378,0.06006053203406433,0.13518032188294457,0.17385103981424535,0.11462516889183057,0.03018218162469566,0.1249601067819943,0.15729406110218003,0.09103916259482503
ma:nyo,0.25622858616213007,0.3697173270396888,0.13459456886630505,0.15352845411204424,0.17073689869915443,0.2687559179030359,0.19789620783024778,0.10585159743980815,0.21675004904779294,0.26217100146071365,0.18869402681011704,0.05921173912938685,0.12800419048483794,0.16031495921779423,0.11020795374643057
mixsoon,0.07494031544774771,0.09282234314984332,0.053849247633479536,0.040613275647046976,0.09665880472554515,0.1054228181601502,0.07607242642552592,0.07553781664561636,0.14557222543711154,0.07412743545622409,0.05882536767361065,0.059637887636199594,0.20151438793254783,0.11769819145168488,0.09184855633066036
su:m37°,0.0949496885366512,0.21880014618915136,0.038740404048991026,0.01997870470884002,0.11215732887274389,0.07775116431399841,0.056338344171473924,0.10186427652087966,0.08592675701771496,0.0899186860381936,0.06513768917824508,0.05499103165824305,0.06668366360915542,0.027738155250324668,0.07078685901466418
