Filename,Brand,Eligibility,Neutral_Text,Researcher_Note,Raw_down_to_earth,Raw_family_oriented,Raw_small_town,Raw_honest,Raw_sincere,Raw_real,Raw_wholesome,Raw_original,Raw_cheerful,Raw_sentimental,Raw_friendly,Raw_daring,Raw_trendy,Raw_exciting,Raw_spirited,Raw_cool,Raw_young,Raw_imaginative,Raw_unique,Raw_up_to_date,Raw_independent,Raw_contemporary,Raw_reliable,Raw_hard_working,Raw_secure,Raw_intelligent,Raw_technical,Raw_corporate,Raw_successful,Raw_leader,Raw_confident,Raw_upper_class,Raw_glamorous,Raw_good_looking,Raw_charming,Raw_feminine,Raw_smooth,Raw_outdoorsy,Raw_masculine,Raw_western,Raw_tough,Raw_rugged
logo_1024/biodance_logotype.png,biodance,A,biodance,,0.005632853,0.007939129,0.019217608,0.025842331,-0.010411965,0.019697968,0.02603093,0.016386947,-0.049247213,0.01132424,0.03785268,0.01605403,0.0020770151,-0.008700156,-0.008892882,0.02143284,0.03385287,-0.037063386,0.033198953,0.016000267,0.015642572,-0.0026929858,-0.005132399,-0.0048506316,0.025260653,0.012697978,-0.025254255,3.936002e-05,0.019909162,0.0090848105,-0.025113855,0.0091219675,0.0058292244,0.019869484,0.048577145,0.017056592,0.019089475,-0.010548838,0.033175092,0.015133781,0.0011382177,0.041622933
logo_1024/sulwhasoo_logotype.png,Sulwhasoo,A,Sulwhasoo,,0.0026377393,0.008287611,0.014410759,0.031160304,0.0014652871,0.024666779,0.020953413,0.019994017,-0.05796983,0.0109760575,0.042964023,-0.0008489019,0.0041077426,-0.008328261,-0.007881954,0.018160796,0.022070406,-0.03204731,0.035160568,0.011703928,0.017230347,-0.011046329,-0.009337707,-0.0081279725,0.023336057,0.0018564579,-0.035591453,0.0039335038,0.01330776,0.0245906,-0.019271122,0.0061029233,-0.020817703,0.010133214,0.027240265,0.0013204925,0.02272515,-0.027338892,0.003993703,-0.0044744257,-0.0011435449,0.046165865
logo_1024/mixsoon_logotype.png,mixsoon,A,mixsoon,,0.0063454034,0.0047839587,0.0149220275,0.04155026,-0.016095107,0.025200438,0.019022316,0.027105551,-0.061142977,0.014769033,0.028645452,-0.01185756,0.0059742304,0.0018056743,-0.0066094585,0.017714871,0.0239259,-0.028096668,0.035139482,0.013561016,0.014115072,-0.026550889,0.0002358323,-0.0025796723,0.023189958,-0.0035759946,-0.040242106,0.011682057,0.016305152,0.03119728,-0.016132582,0.009892372,-0.030169696,0.008649074,0.019872207,0.00617199,0.028414538,-0.03189037,-0.008756981,-0.0020548813,0.00072723255,0.04375363
logo_1024/thesaem_logotype.png,THE SAEM,A,THE SAEM,,0.0106308,0.012745516,0.011874491,0.032637496,-0.008339167,0.02770821,0.013038091,0.02287273,-0.045644887,0.028922468,0.016169893,0.003874548,0.009723656,0.0077032987,-0.020900209,0.017369134,0.037777312,-0.038281716,0.03522121,0.016121434,0.009124173,-0.019168789,0.019764319,0.0100813545,0.035422906,0.013964718,-0.041722022,0.017462257,0.016185349,0.032686483,-0.028066732,0.007288936,-0.013653124,0.015705708,0.030180007,0.0047788583,0.035758004,-0.02333378,0.010356506,0.013942622,0.021193523,0.052523833
logo_1024/etude_logotype.png,ETUDE,A,ETUDE,,0.00569347,0.0027366546,0.011588713,0.01956417,-0.00916581,0.016710844,0.0144431265,0.0106049385,-0.038285665,0.016366085,0.02430237,0.01759679,0.0065406132,-0.0010303557,-0.015414549,0.014372019,0.02811341,-0.034582257,0.02942489,0.010336696,0.00825045,-0.010933649,0.0042139804,-0.0027176095,0.027953543,0.011579679,-0.023581933,0.004445023,0.010414373,0.017765211,-0.0182457,0.0019301267,-0.008384379,0.011988763,0.02585164,0.00420551,0.02217713,-0.022400316,0.018473834,0.007369753,0.004361473,0.044156678
logo_1024/cnp_logotype.png,CNP Laboratory,A,CNP Laboratory,,0.012591617,0.0070488816,0.013069969,0.03109417,-0.022996247,0.026929721,0.019182064,0.017458271,-0.045623206,0.02545947,0.015291929,0.017524917,0.0052171475,0.006908346,-0.020476967,0.022975255,0.042423908,-0.04446858,0.03983893,0.018402144,0.01584787,-0.016090963,0.016884193,0.0054586465,0.037884913,0.016247844,-0.030590232,0.012226906,0.023832098,0.021538442,-0.03554707,0.012179873,-0.0010704622,0.023874432,0.04113661,0.020447157,0.03641027,-0.018640118,0.028316095,0.020443879,0.019478146,0.05182793
logo_1024/tirtir_logotype.png,TIRTIR,A,TIRTIR,,0.00015334692,0.0023868303,0.008175575,0.017724045,0.016219065,0.0146478545,0.012896365,0.01009056,-0.027383476,0.01661605,0.026636062,0.014233117,0.008519657,0.0014930014,0.00017882447,0.012672382,0.020750515,-0.016337916,0.021487989,0.0048089456,0.0078126695,0.0047359653,-0.0036504508,-0.003886003,0.020540224,0.022634206,-0.0043566814,0.0006305282,0.0035951533,0.018439092,-0.003280675,-0.002848479,0.0035061408,0.009229802,0.03030245,0.00089807063,0.011296511,-0.007734835,0.017558767,0.0040317997,-0.006914284,0.0395053
logo_1024/thefaceshop_logotype.png,THE FACE SHOP,B,THE FACE SHOP,,0.0068040057,-0.0038153026,0.010161273,0.026334241,-0.014678163,0.022079282,0.005032558,0.013619568,-0.029686145,0.014209587,0.009427737,0.005117439,0.0027075624,0.008218398,-0.0063900966,0.016101295,0.024074886,-0.025808059,0.028645122,0.007872364,0.017493803,-0.01588456,-0.0061989557,-0.0111484,0.025014551,0.015237914,0.0006187074,-0.002388549,0.0027003102,0.01984773,-0.018835763,0.0050463416,-0.014891762,0.012905158,0.02738157,0.0010155309,0.01684234,-0.02438875,-0.001342124,0.0011663288,-0.004849568,0.043045253
logo_1024/naturerepublic_logotype.png,NATURE REPUBLIC,A,NATURE REPUBLIC,,-0.0022882018,-0.0005705387,0.008136126,0.024626397,0.0146444,0.021265548,0.013297891,0.013650861,-0.03434668,0.018192401,0.026842881,0.004778576,-0.0006157188,0.0006509088,0.0053761927,0.01662409,0.016765572,-0.018005125,0.02427233,0.00457956,0.012592373,0.0007430762,-0.014627798,-0.013974295,0.016644731,0.022180146,-0.0026192134,-0.002337732,0.0039665685,0.016132392,-0.01618299,-0.002461133,-0.005305767,0.011828039,0.041785747,0.0038758218,0.014939321,-0.013131623,0.0075640148,-0.0045236014,-0.012359947,0.03620094
logo_1024/peripera_logotype.png,peripera,A,peripera,,-0.0030011209,-0.0017046432,0.011204211,0.0017855274,0.018421225,0.014106837,0.023091832,0.006823032,-0.009487648,0.028851835,0.034530926,0.03736669,0.013727983,-0.0028116405,0.006021494,0.023403041,0.027956896,-0.005698328,0.03140259,0.00543467,0.017093673,0.028711379,-0.0001297649,-0.005552275,0.021659125,0.029708706,-0.001696876,-0.0011649956,0.0064107906,0.0038897477,0.0042111063,-0.0033633453,0.028085442,0.018845744,0.050550494,0.017377116,0.018122036,-0.0023841076,0.048108153,0.0064687207,-0.00090798363,0.040285014
logo_1024/sum_logotype.png,su:m37°,A,su:m37°,,0.0015229555,0.00941927,0.0133932065,0.02597278,0.013335008,0.019369345,0.018565934,0.015252236,-0.046544947,0.020827053,0.04207801,0.0089072585,0.0076701213,-0.0044383183,0.001361824,0.018289182,0.026021302,-0.017188875,0.025976136,0.010153261,0.013665417,-0.001716706,0.0005584103,-0.005311219,0.022906698,0.015721064,-0.029308947,0.0035773371,0.012782941,0.018904524,-0.016321938,0.0015540952,-0.0016248561,0.013782002,0.037750423,0.00641872,0.020709613,-0.014334277,0.011620643,0.0036820173,-0.0023996867,0.039428998
logo_1024/fwee_logotype.png,fwee,A,fwee,,0.007440876,0.002570576,0.009362139,0.019017925,-0.008686462,0.017251682,0.0070027113,0.015044143,-0.037748612,0.028609226,0.0026378117,0.0051646675,0.017644633,0.009481799,-0.012568437,0.015343015,0.029486924,-0.018533966,0.028378734,0.010744283,0.008537872,-0.012332769,0.012875503,0.007262107,0.029580723,0.010047505,-0.023794848,0.008071564,0.009471391,0.020960025,-0.0058679767,0.005915706,-0.008991599,0.009023279,0.021053992,0.0005319491,0.023343936,-0.021983562,0.00916493,0.012935132,0.0076725073,0.0471159
logo_1024/loundlab_logotype.png,ROUND LAB,B,ROUND LAB,,0.005283404,-0.001313417,0.00808174,0.011983696,-0.012212593,0.011697748,0.0040015336,0.0076566585,-0.0154576,0.024681155,0.0054322896,0.024649926,0.015511505,0.010787772,-0.0044975653,0.016420137,0.03392958,-0.01854806,0.02285689,0.0075434735,0.010149183,4.5774505e-05,0.0036168708,0.0031709103,0.02419933,0.02362113,0.008803567,-0.005665839,0.008012388,0.0077245515,-0.0037780972,0.0042606206,0.022412583,0.01630421,0.036204055,0.010578483,0.0114649385,-0.002804811,0.034500487,0.023250286,-0.002030097,0.041120365
logo_1024/tonymoly_logotype.png,TONYMOLY,A,TONYMOLY,,-0.0028569843,-0.0062487144,-0.0024827896,0.00906469,-0.0014639199,0.010143714,-0.00285831,0.0035115727,-0.021820655,0.025358781,-0.008774696,0.01649453,0.0059153764,0.005660929,-0.008222798,0.008031499,0.019899366,-0.017883182,0.018291533,-0.00086312625,0.006494065,-0.0064104125,-0.00048127514,-0.002824598,0.020300012,0.022531155,0.0058530155,-0.008457889,-0.0027821525,0.010466894,-0.006667938,-0.0049885865,0.0013052188,0.004198,0.01922714,-0.0010508336,0.008755911,-0.016798144,0.014565045,0.007698804,-0.004919447,0.04116907
logo_1024/thewhoo_logotype.png,THE WHOO,A,THE WHOO,,0.0051901992,0.008947546,0.008685483,0.028007593,0.0019610208,0.024379518,0.0135346055,0.016842429,-0.04370501,0.017802445,0.022584336,0.0033033555,0.0041469163,0.0006321147,-0.012923233,0.013603626,0.023884349,-0.030160405,0.028968135,0.01040761,0.010089146,-0.012288284,0.0043796627,-0.002938047,0.028237343,0.015637018,-0.025263116,0.007964133,0.00797707,0.026629208,-0.022962999,0.0008733161,-0.016614001,0.008704811,0.020973284,0.0003729798,0.024779588,-0.021480216,0.0023647607,0.0017915368,0.0046246313,0.046576962
logo_1024/sooryehan_logotype.png,Sooryehan,A,Sooryehan,,0.0016868087,0.006236337,0.0091520725,0.02094048,-8.1638806e-05,0.021395028,0.007470246,0.013779062,-0.056138672,0.01044417,0.0129527915,-0.010954304,0.0046377806,-0.009613004,-0.023392772,0.010325455,0.018030139,-0.03200287,0.025948137,0.011201816,0.010869743,-0.026695326,-0.001536177,-0.0069918334,0.026792306,7.975148e-06,-0.04665652,0.0076433187,0.007442628,0.023871828,-0.023265125,0.0019519343,-0.037596017,-0.00012896955,0.011765007,-0.011770304,0.022261288,-0.040547937,-0.016079452,-0.008855373,0.0053633414,0.04634529
logo_1024/cosrx_logotype.png,COSRX,A,COSRX,,0.00089014135,-0.006246594,0.007550949,0.01121436,-0.0022938643,0.011502798,0.00063971337,0.005512269,-0.025049262,0.020113328,0.0047988836,0.013438697,0.012119966,0.005380761,-0.0031465867,0.012099362,0.020093037,-0.015128731,0.020038141,0.0031700293,0.007741964,-0.0072000353,-0.0021631652,-0.004136118,0.021135405,0.012851404,-0.0015878635,-0.003584858,0.00092838425,0.01239352,-0.0017347727,-0.0022818667,-0.004349008,0.0073553994,0.024882447,-0.0022245385,0.01123694,-0.019979617,0.009107618,0.004200086,-0.005783811,0.040151734
logo_1024/dominas_logotype.png,DOMINAS,A,DOMINAS,,-0.008822336,-0.004374548,0.0021936044,0.018874789,0.021789823,0.012519846,0.0002607347,0.013104202,-0.030081242,0.020900082,0.0111928405,-0.0032556802,0.007189025,0.011520969,0.017879942,0.008777523,0.004879523,0.001833275,0.01775006,-0.005652582,0.009392213,-0.0073993113,-0.017919919,-0.014748184,0.009322488,0.015622421,0.00884783,-0.0056200237,-0.009522639,0.01797908,0.011323769,-0.0069622393,-0.012968231,-0.0016433373,0.019996766,-0.0065453313,0.0044921376,-0.022806613,-0.012025467,-0.013109013,-0.02546364,0.031766802
logo_1024/ourwhy_logotype.png,OURWHY,A,OURWHY,,0.0043960707,0.0019058367,0.008015133,0.024094962,-0.0025388189,0.018977351,0.00052392716,0.011521816,-0.038619794,0.018429026,0.008312848,0.0027946401,0.007523756,0.005464835,-0.006774921,0.011113916,0.01889205,-0.0267462,0.022438515,0.0075481003,0.009407824,-0.02332826,0.004815052,-0.0021747844,0.026147865,0.009321664,-0.015660973,0.003325786,0.002793843,0.025067246,-0.0146854315,-0.0011321723,-0.02396918,0.006004695,0.020640727,-0.0064940676,0.016527046,-0.02934055,-0.008239681,0.001503732,-0.0035781302,0.042044174
logo_1024/somebymi_logotype.png,SOME BY MI,A,SOME BY MI,,0.007844859,0.010921316,0.010586262,0.03744683,-0.00941067,0.019912962,0.0178168,0.02325594,-0.038306594,0.02462197,0.027873222,0.0069139963,0.0051167123,0.009939188,0.008616101,0.019207861,0.035127852,-0.017885476,0.030243399,0.010589948,0.01168771,-0.0023007793,0.0031749588,0.0013447218,0.022236388,0.023907725,-0.0050360113,-0.0037378499,0.011114328,0.015173418,-0.014140906,0.009564495,0.012733482,0.018805448,0.042554464,0.02175206,0.01565418,-0.0027328301,0.026983501,0.024467357,-0.005466301,0.034843348
logo_1024/joseon_logotype.png,Beauty of Joseon,A,Beauty of Joseon,,-0.0071252873,-0.0014488352,0.0016316355,0.024350058,0.0068915524,0.015416036,0.005880109,0.012078208,-0.055472147,0.007604588,0.014085226,-0.012812956,-0.0027222638,-0.0054936837,-0.0049248543,0.005843196,0.0010312935,-0.02442742,0.020546958,-1.49200205e-05,0.010089501,-0.02533444,-0.018357413,-0.020210806,0.012991337,-0.0010831922,-0.029002152,-0.0015769023,-0.0034848712,0.019221416,-0.016271356,-0.0057703923,-0.040968902,-0.0053824,0.008739743,-0.009433802,0.0092421435,-0.040555432,-0.023068687,-0.022218533,-0.019092366,0.03353491
logo_1024/fvrts_logotype.png,FVRTS,A,FVRTS,,-0.0047937576,-0.0039525838,0.00393677,-0.003650052,0.013137978,0.006029632,0.008047138,-0.00011337502,-0.018548207,0.021836808,0.017845852,0.024804689,0.016519826,-0.004206512,-0.010473871,0.011669589,0.023354625,-0.01039723,0.01574196,0.002480547,0.0063460264,0.011876729,-0.0029432261,-0.0018310891,0.01706183,0.018938588,-0.012298144,-0.0046138517,0.0030663703,0.0044032666,0.0043100975,-0.0065564965,0.016418532,0.0063821375,0.03015349,0.00024903193,0.010052491,-0.009733849,0.031911865,0.007152077,0.00012084842,0.039878726
logo_1024/Stembell_logotype.png,STEMBELL,A,STEMBELL,,-0.00079918467,0.00076845486,0.010394433,0.029351477,0.00811068,0.020598415,0.007586878,0.016813977,-0.04133968,0.013686089,0.03218981,-0.0017386461,0.0035302872,-0.0013392307,0.0077856993,0.01385347,0.012154934,-0.016339136,0.026339618,0.0032610076,0.014040448,-0.012704438,-0.017149063,-0.012481394,0.015360369,0.004784789,-0.012085312,-0.0026485398,-0.00094532594,0.024172418,-0.0073388666,-0.0013256646,-0.022830002,0.004814528,0.023844644,-0.0052306056,0.013987102,-0.029050214,-0.011087036,-0.0120419,-0.012936197,0.038611874
logo_1024/retune_logotype.png,retune,C,retune,,-0.0011799112,0.0036669422,0.009869139,0.022287127,-0.0013595317,0.013259321,0.019880725,0.013151482,-0.042785104,0.022963228,0.029876562,0.018615337,0.004409943,0.0015249606,0.009068359,0.018991832,0.028191686,-0.012886686,0.023843624,0.0067597236,0.010306929,0.006692387,-0.0051601436,-0.0064397436,0.01506882,0.02336086,-0.0071472684,-0.008560298,0.01473173,0.0031504603,-0.011863679,0.0035008853,0.025067847,0.015903119,0.04946171,0.02469518,0.013891678,0.0012148563,0.03787344,0.019006688,-0.007956453,0.034257926
logo_1024/medicube_logotype.png,medicube,A,medicube,,-0.005348714,-0.0024013617,-0.0002621906,0.0067330822,0.01714903,0.010991576,-0.0003984943,0.007251272,-0.016502092,0.034533568,0.005823464,0.010390246,0.01379149,0.0059661884,0.0023537627,0.012568124,0.02171892,-0.003101122,0.01739491,-0.001016374,0.00519355,0.005044083,-0.0011773981,0.0007684529,0.014892724,0.02253664,-0.0022818907,-0.0049548214,-0.0033949488,0.013913665,0.0056420304,-0.0053328695,0.010083834,0.00512626,0.030046277,-0.0010282323,0.009913549,-0.011577062,0.016604666,0.008551836,-0.0053570643,0.039335757
logo_1024/neopharm_logotype.png,NEOPHARM,C,NEOPHARM,,0.011443454,0.009527042,0.011455657,0.029050669,-0.005619252,0.027032958,0.015688881,0.016904987,-0.034804612,0.025383724,0.02128014,0.014889034,0.0047210273,0.007619854,-0.01598522,0.01832678,0.037612315,-0.037149355,0.033803876,0.015342667,0.010308249,-0.009409916,0.013006852,0.0053690616,0.0335068,0.023973174,-0.021752024,0.010772359,0.014179703,0.026337888,-0.029180622,0.0056804763,-0.0041623916,0.019190129,0.035923593,0.008094043,0.032416075,-0.014903834,0.019591464,0.015716393,0.014867764,0.04845
logo_1024/drbelmeur_logotype.png,Dr.Belmeur,A,Dr.Belmeur,,-0.0069977855,-0.00249953,0.0036927164,0.007881016,0.024410728,0.014920047,0.015705153,0.008577296,0.0024653906,0.036541615,0.038472366,0.034438685,0.006547519,0.0025633462,0.023320751,0.021156486,0.026213221,0.010004515,0.02603687,-0.0036770925,0.017764725,0.03489654,-0.0073811915,-0.0070554316,0.014745663,0.0476226,0.03028363,-0.012956997,-0.004165198,0.0076156426,0.011837134,-0.0073294863,0.040803075,0.016655236,0.050678886,0.016507491,0.015000466,0.008917274,0.042164672,0.006212428,-0.0076094456,0.03912879
logo_1024/fromrier_logotype.png,fromrier,A,fromrier,,0.0061266087,0.013484037,0.016511573,0.03434085,-0.0039243475,0.024927814,0.02681677,0.021385875,-0.056210544,0.018355299,0.043227497,0.009169604,0.003154039,-0.0015366431,-0.0076880963,0.021593573,0.0314629,-0.033004884,0.038072675,0.016121844,0.015873797,-0.007252847,0.0053725224,-0.0025626887,0.027962115,0.013112569,-0.03168905,0.0056616,0.019297972,0.021090064,-0.022818089,0.007788795,-0.0061124675,0.017336395,0.03944675,0.015908927,0.02701002,-0.015113715,0.024313586,0.009461287,0.0011448115,0.04299397
logo_1024/amuse_logotype.png,AMUSE,A,AMUSE,,0.003159888,-0.002694271,0.0065493817,0.012366798,0.005578978,0.013506517,0.005549337,0.008711023,-0.014444393,0.024768395,0.008014945,0.01573351,0.014702264,0.008467317,-0.0036133733,0.014289741,0.025554951,-0.012043824,0.020460412,0.0049336534,0.0079996865,0.002590146,0.0009145329,0.0014004577,0.021024296,0.022774251,0.0060753035,-0.0007586358,0.00042772712,0.01520372,0.0022622813,-0.00010082849,0.006051289,0.010358319,0.026690066,-9.890646e-06,0.012207743,-0.009717287,0.0187052,0.011179015,-0.0033175647,0.040800147
logo_1024/numbuzin_logotype.png,numbuzin,A,numbuzin,,0.0033740103,0.008255172,0.010674283,0.02220255,0.015636008,0.023463327,0.012880453,0.015237809,-0.031914286,0.029270044,0.03451643,0.008104609,0.012321754,-0.00040114298,-0.0046586413,0.0183535,0.029704887,-0.020607254,0.027821336,0.010278498,0.010645765,-0.004306595,0.00738963,0.0041018017,0.025715543,0.017065391,-0.029988645,0.010848526,0.0085925,0.02931495,-0.011411767,-0.00010342663,-0.007408567,0.014099959,0.037364006,0.00042980537,0.028017735,-0.019207431,0.010613261,0.0034006275,0.009799734,0.045802042
logo_1024/alternativestereo_logotype.png,alternative stereo,B,alternative stereo,,0.0038930718,-0.0063237348,-0.0024767793,0.0134593565,-0.031994,0.0064005856,-0.00536781,0.009948651,-0.006692188,0.028413061,-0.009094386,0.009996643,0.012195573,0.019689128,-0.014414586,0.011918355,0.041210018,-0.011058986,0.015735477,0.002823053,-0.002324676,-0.0007718932,0.004910366,0.005865055,0.012215754,0.028133087,0.009053521,-0.013374852,0.0020275428,-0.00075016613,-0.0071308026,0.006653522,0.03037931,0.011843275,0.041170903,0.014911927,0.0066980645,0.0043788645,0.038701504,0.036664903,-0.0027909987,0.030802906
logo_1024/freshian_logotype.png,freshian,A,freshian,,-0.0063644303,-0.00020771602,0.005523868,0.015486129,0.023210637,0.013776281,0.008495724,0.012533216,-0.03601596,0.023604617,0.019972214,-0.0009932127,0.010326012,0.0038464032,0.013211591,0.014329618,0.011621511,0.0009947879,0.02134025,-0.00013445597,0.010227887,0.0018269522,-0.014550317,-0.011425481,0.009679501,0.016759116,-0.0049233194,-0.0062923348,-0.0030433354,0.014342323,0.008878909,-0.0024081334,-0.0041967537,0.0019484907,0.03029988,-0.00043801963,0.00891326,-0.016809072,0.0036788636,-0.00499095,-0.02013082,0.034257874
logo_1024/celimax_logotype.png,celimax,A,celimax,,0.0054948973,0.0013768682,0.0073031415,0.018736465,-0.009089466,0.018862031,0.008515604,0.011397691,-0.03975246,0.029693332,0.0068756123,0.015871605,0.011561133,0.009549644,-0.017726982,0.0166233,0.03157328,-0.02758434,0.028376339,0.011037581,0.009335498,-0.012431834,0.011259935,0.0032779519,0.029027801,0.015956586,-0.027351983,0.0062396824,0.015482358,0.016621709,-0.017752005,0.0032508941,-0.0030341968,0.012601465,0.030983806,0.0069636703,0.027134068,-0.019158596,0.019131575,0.012707192,0.009670254,0.048433743
logo_1024/torriden_logotype.png,Torriden,A,Torriden,,0.0063172923,0.008456902,0.012523713,0.020430895,-0.0039298236,0.019141028,0.020116448,0.011703356,-0.051163994,0.01227566,0.020252697,0.014139859,0.005151191,-0.005589027,-0.02314663,0.016538287,0.033689395,-0.042138327,0.029257959,0.015943909,0.011046233,-0.009412903,0.009244138,0.0014151745,0.03250709,0.014329162,-0.037287377,0.008157009,0.01944102,0.015773194,-0.03120935,0.00605651,-0.004004061,0.016118068,0.035524253,0.008327991,0.025067214,-0.01616479,0.023665247,0.012862336,0.012162857,0.0462184
logo_1024/kahi_logotype.png,KAHI,B,KAHI,,-0.0070328955,-0.00089170283,-0.0033604526,0.008477818,0.0222455,0.008997526,-0.0043520597,0.0041166884,-0.022187673,0.027702758,0.012026243,0.0032843845,0.01010307,0.0033168606,0.002195582,0.004799587,0.014904302,-0.0045296685,0.009598283,-0.0044741128,-0.00018899096,-0.004133885,-0.0069293203,-0.0037085684,0.009898837,0.01805961,-0.009424902,-0.005736865,-0.009164443,0.016871808,0.0024377797,-0.010655063,-0.0041643474,-0.002296321,0.017587114,-0.010773733,0.0076294877,-0.02043579,-0.0013231495,-0.0013893247,-0.009024277,0.034506734
logo_1024/skin1004_logotype.png,SKIN1004,A,SKIN1004,,-0.011653971,-0.013516095,-0.0034231376,0.005979866,0.027156632,0.0070480565,-0.010955479,0.0015585911,-0.018746281,0.022277554,0.0013855839,0.0046161544,0.006575709,0.0055720843,0.012931711,0.0027181753,-0.00033507543,0.0019276505,0.009237409,-0.010541231,0.005767959,-0.007811741,-0.01695368,-0.016158499,0.008723258,0.01529339,0.005734266,-0.009229362,-0.015963478,0.01442883,0.012755148,-0.015017258,-0.017917406,-0.0068295375,0.017059196,-0.015126253,0.0004992038,-0.028692722,-0.017479833,-0.015837587,-0.020854797,0.033009335
logo_1024/codeglokolor_logotype.png,code glökolor,A,code glökolor,,-0.00514633,-0.007492303,0.007872509,0.0047522383,0.011987425,0.018216679,0.019733045,0.007942502,-0.009480143,0.030612454,0.023608595,0.030311955,0.009222996,-0.0022792108,0.0041082543,0.024056302,0.025031464,-0.00887865,0.03497441,0.0036052635,0.019260526,0.02418032,0.0018395173,-0.009844317,0.02332253,0.029523116,0.0011491419,0.00038067624,0.004349664,0.006586219,-0.0016978923,-0.00401969,0.017286487,0.018794809,0.053541508,0.016136466,0.020104863,-0.008605486,0.042024642,0.0010403842,-0.0024301,0.040314138
logo_1024/skinfood_logotype.png,SKINFOOD,B,SKINFOOD,,0.0113873035,0.00507572,0.016504413,0.038378965,-0.01388438,0.024711635,0.014456233,0.023164866,-0.02694608,0.026132647,0.034637794,0.0076082796,0.008813534,0.010209549,0.0074557243,0.023759188,0.03758747,-0.012962172,0.03115298,0.013179524,0.017376259,-0.0032889703,-0.0015413879,0.002718022,0.02357547,0.018263232,-5.269982e-05,0.0014795102,0.014591105,0.024412204,-0.013409784,0.010105531,0.010187512,0.02226352,0.04001119,0.015331004,0.026310496,-0.005636815,0.015610845,0.014861397,0.002755899,0.04456014
logo_1024/glint_logotype.png,Glint,B,Glint,,0.003093334,0.0021923324,0.011019326,0.013748551,0.0016804263,0.014410175,0.005949841,0.011605697,-0.01645303,0.022359887,0.0153486775,0.008662119,0.013425459,0.007023899,0.004159036,0.016465744,0.029010791,-0.0054641776,0.02067057,0.0068746577,0.011610892,0.0055367434,-0.0048214546,-0.0055085775,0.018612383,0.025446404,0.0050094654,-0.009092692,-0.0003080652,0.008598092,-0.0028346144,0.0026334967,0.014508232,0.013622124,0.040657688,0.0042707995,0.0064933896,-0.00777555,0.018151402,0.014992997,-0.009122632,0.034973305
logo_1024/vdl_logotype.png,VDL,A,VDL,,-0.017664079,-0.0107140215,-0.0065859123,-0.008811681,0.028555468,-0.0028652376,-0.01196339,-0.0067878976,-0.019196136,0.022498382,-0.009750042,0.012736573,0.009786409,-0.005596133,0.012251014,-0.0013773022,-0.00059456285,0.013157197,0.0021934633,-0.014517631,0.0016963659,0.0007206071,-0.018474959,-0.014811438,0.006517533,0.022899639,0.0110232895,-0.016858831,-0.020966653,0.0009169391,0.017197581,-0.017156344,-0.0020628944,-0.011615608,0.012740705,-0.015033707,-0.007710837,-0.02191718,-0.005755803,-0.010838669,-0.022254925,0.028384011
logo_1024/ohui_logotype.png,OHUI,A,OHUI,,0.01135628,0.008366756,0.018174835,0.019704534,-0.0023893826,0.02153671,0.022363015,0.013914225,-0.035750724,0.018264081,0.028769977,0.022058202,0.014187128,0.00013501197,-0.014276966,0.02017051,0.036705136,-0.031747665,0.033751525,0.017363694,0.013446031,-0.00014014076,0.013980037,0.0056069233,0.03524498,0.017372705,-0.0235738,0.011530273,0.017165734,0.02132391,-0.014378628,0.008074244,0.00054053776,0.01977536,0.03200016,0.007461738,0.026834404,-0.012878079,0.02632393,0.014627196,0.011049703,0.04678136
logo_1024/centellian_logotype.png,Centellian24+,B,Centellian24+,,0.007851185,0.0058363224,0.008581944,0.032160573,-0.00639542,0.025297374,0.015984157,0.020254105,-0.04620988,0.03240813,0.024694355,0.009763927,0.008971411,0.0096509475,-0.011001194,0.020600311,0.03672824,-0.029125292,0.035771906,0.011897527,0.01176412,-0.008227406,0.010133734,0.0055939257,0.030251008,0.016900964,-0.03301879,0.009829941,0.018767692,0.02438366,-0.024412032,0.007469488,-0.00068485737,0.018422,0.03687497,0.0127293635,0.035058465,-0.01752357,0.017946362,0.013307506,0.014887396,0.05051322
logo_1024/abib_logotype.png,Abib,A,Abib,,0.0102290865,0.0068046357,0.016860072,0.016887061,-0.010172749,0.017543035,0.018650923,0.011854799,-0.04326222,0.017839272,0.021153564,0.024530584,0.015995186,-0.0013031103,-0.020580258,0.019052172,0.03745322,-0.038184166,0.032451384,0.018225856,0.0143994065,-0.008219199,0.0153606385,0.0072617494,0.036961082,0.008943692,-0.0381321,0.011722259,0.02244772,0.017300896,-0.017619388,0.008004688,0.00044459663,0.01909199,0.033961557,0.008928798,0.027009357,-0.018577471,0.02986584,0.016115166,0.015770502,0.04942806
logo_1024/hera_logotype.png,HERA,A,HERA,,0.0018573618,0.0039891424,0.010699358,0.016616393,0.01894489,0.014273864,0.010657891,0.012340825,-0.027075492,0.01822972,0.017065298,0.014041171,0.013383658,0.009256519,0.005350083,0.01222813,0.017852355,-0.011260106,0.022512255,0.0050899666,0.010717973,-0.00068331696,-0.0010307616,-0.0047963737,0.024227843,0.019744447,-0.0029735407,0.0017799414,0.0009278781,0.018865723,0.006221734,-0.0011273252,-0.0016435031,0.0073477104,0.027723007,-0.001046475,0.009061001,-0.014154565,0.009063689,0.0037807636,-0.010846693,0.039259523
logo_1024/uglylovely_logotype.png,UGLY LOVELY,A,UGLY LOVELY,,-0.017905198,-0.013849287,-0.0069990633,-0.0067825997,0.03191181,0.0030592978,0.0035109557,-0.0006737791,0.010502409,0.028709715,0.008612855,0.019401416,0.005755418,-0.0052440977,0.016533656,0.010409952,0.010333414,0.014511283,0.010217601,-0.012401857,0.0062325774,0.032497503,-0.021212611,-0.013525975,0.00045374408,0.039353393,0.031124435,-0.01819548,-0.017987054,-0.0035713268,0.018970018,-0.01593383,0.029755445,0.0020279996,0.040299565,0.0029518306,-0.0045183897,0.0017761989,0.03298694,-0.003559444,-0.020475749,0.026503954
logo_1024/tiela_logotype.png,TIELA,A,TIELA,,-0.0070018964,-0.0034550289,0.0069328784,0.017932689,0.024670428,0.010105981,0.006694777,0.013072073,-0.027674064,0.015582124,0.018017527,0.0059372783,0.00955498,0.009638997,0.027641874,0.012066631,0.0057201823,0.004112858,0.019511227,-0.0040378436,0.012219322,-0.0019221706,-0.017156966,-0.015705874,0.011993029,0.01556182,0.0073176813,-0.0060447734,-0.008100912,0.014628813,0.018822635,-0.005817324,-0.0058167037,0.0024498366,0.03113328,0.0027208775,0.0028388314,-0.019448482,-0.0028310632,-0.00947763,-0.027560882,0.027082067
logo_1024/missha_logotype.png,MISSHA,A,MISSHA,,-0.01881944,-0.022695258,-0.014931022,-0.004997632,0.00813449,-8.136034e-05,-0.010902235,-0.005993173,-0.04355226,0.0044566877,-0.03346104,-0.0059132613,-0.0016457634,-0.0040975753,-0.0075861085,-0.008369882,-0.013306115,-0.0042108,0.0071180137,-0.015233646,0.0064393794,-0.025554113,-0.01832714,-0.026635464,0.012240075,0.007842877,-0.0065461067,-0.008342617,-0.019919045,0.0065497635,0.0070390757,-0.016133238,-0.046191137,-0.02489696,-0.025252983,-0.026441405,-0.0010860153,-0.050228354,-0.040600024,-0.035634764,-0.02223564,0.03335031
logo_1024/violetdream.png,VIOLET DREAM,B,VIOLET DREAM,,0.0016323766,0.00079011987,0.009122768,0.00976685,0.0031354148,0.0139413215,0.007345794,0.009362586,-0.020831235,0.024070527,0.012275989,0.016922079,0.014142795,0.008306142,0.0035938332,0.014139205,0.025302391,-0.0067617865,0.023593448,0.004865135,0.012010548,0.00226577,-0.002766589,-0.005279105,0.022003861,0.024476994,0.003267378,-0.0033786003,0.00096701784,0.009568503,0.0027441084,0.0003238183,0.009449104,0.010293003,0.028254554,0.003049545,0.01041143,-0.012046235,0.01719725,0.009603068,-0.006324701,0.03995145
logo_1024/fation_logotype.png,FATION,B,FATION,,0.0061195176,-0.0034344823,0.01091738,0.016107699,-0.0051109083,0.017553497,0.009755342,0.0095778275,-0.027575552,0.019327406,0.006913515,0.017575014,0.010123552,0.005600745,-0.010284834,0.017703569,0.026485547,-0.020893838,0.0271247,0.0094913505,0.012101445,-0.0050114924,0.0021007925,-0.0027285852,0.028087676,0.019821828,-0.0039470997,0.0041034515,0.008749123,0.014325868,-0.010817511,0.003782,-0.0021994915,0.013594862,0.028695472,0.0049286596,0.021991888,-0.016533567,0.015841408,0.0076830536,0.0038704872,0.04573886
logo_1024/menokin_logotype.png,MENOKIN,A,MENOKIN,,-0.009292597,-0.0057919314,-0.007715679,0.008012234,0.011416064,0.008650559,-0.0061105727,0.0033507678,-0.0383539,0.014619332,-0.010863829,-0.008579652,0.001409011,0.00037973374,-0.009576263,-0.0010437928,0.0023654131,-0.011334501,0.014032838,-0.005682256,0.0017141737,-0.017892335,-0.010361164,-0.015009654,0.014417496,0.012005929,-0.01301207,-0.0036492096,-0.012028473,0.01605299,-0.0047920384,-0.010244461,-0.030680634,-0.013553038,-0.0063201785,-0.01833056,0.0074415915,-0.035956256,-0.021993492,-0.015237834,-0.013067078,0.036442794
logo_1024/anua_logotype.png,Anua,A,Anua,,0.0074861804,0.0071443534,0.011133547,0.01913404,-0.0030057188,0.018776268,0.011093444,0.013605384,-0.04499431,0.019519972,0.008260508,0.0065715723,0.014939293,0.0015096571,-0.022699714,0.013527999,0.030514933,-0.033003453,0.028351584,0.014169791,0.009532498,-0.018744526,0.015232521,0.0069228327,0.035126194,0.0076713758,-0.039569873,0.0131688295,0.013014571,0.025308851,-0.014737736,0.004986178,-0.017906498,0.009667013,0.019691363,-0.002536662,0.02501319,-0.026379753,0.005936522,0.0077204853,0.012696583,0.048173808
logo_1024/farmrx_logotype.png,farmrx,A,farmrx,,0.0031653484,0.004096859,0.012008481,0.029869836,-0.0052708257,0.021319747,0.016564656,0.020265624,-0.044807196,0.023021784,0.026152985,0.004554755,0.007830398,0.0013214648,0.0034688085,0.019723864,0.025106397,-0.013907605,0.035983548,0.009204464,0.018029185,-0.006465913,-0.0011918459,-0.004447235,0.024143709,0.014098281,-0.014041519,0.0005382071,0.010286754,0.018733108,-0.0044631734,0.0073262416,-0.0065798964,0.010615729,0.03196639,0.011152405,0.020736335,-0.018929789,0.0127888415,0.005108271,-0.006236069,0.04258752
logo_1024/drjart_logotype.png,Dr.Jart+,A,Dr.Jart+,,-0.0008330466,-0.0010029603,0.0039104763,0.008832278,0.004411714,0.012383452,0.011227151,0.0056627644,-0.023771653,0.022074647,0.007061486,0.024441473,0.0099391015,0.001871625,-0.0095185395,0.015019847,0.030091686,-0.017900923,0.023084557,0.00546809,0.009421044,0.0078225825,0.005912028,0.0003186334,0.026320519,0.029685546,-0.0045901868,-0.00048220903,0.009765156,0.0077257743,-0.008941054,0.00035325612,0.021306688,0.012755878,0.03868531,0.012004696,0.017058201,-0.0031641303,0.03468931,0.015552435,0.0049485527,0.043325532
logo_1024/laboh_logotype.png,LABO-H,A,LABO-H,,0.0033909632,-0.0052591637,0.005920773,0.012973594,-0.011103332,0.010689642,0.0026646592,0.0071444977,-0.02974345,0.02238548,-0.00700803,0.015685061,0.0098337885,0.0063938554,-0.010203808,0.01341133,0.027257396,-0.020159211,0.022055546,0.005465717,0.006556635,-0.008506712,0.004673066,-0.0005302802,0.02454751,0.017479695,-0.005088533,-0.0016906583,0.0059053614,0.0082964385,-0.008604078,0.0034615588,0.001498133,0.010031439,0.024111912,0.005626455,0.01602462,-0.01718853,0.016650949,0.014698241,0.0017190762,0.041335993
logo_1024/iisaknox_logotype.png,ISA KNOX,A,ISA KNOX,,-0.00067342445,0.0011077779,0.0060027707,0.02336355,0.009233929,0.017286986,0.004164281,0.015166674,-0.039324854,0.020572957,0.012423943,-0.0065480517,0.0077740024,0.008432787,0.0025082752,0.010583246,0.014239362,-0.010272579,0.022117417,0.0024632076,0.00737477,-0.013303058,-0.006041627,-0.007936218,0.016395725,0.011344316,-0.013467018,0.0009896462,-0.0029244102,0.024246497,-0.002520468,-0.001996263,-0.020976912,0.0014291704,0.015852112,-0.0070857815,0.01449603,-0.027883457,-0.013290929,-0.0065516643,-0.012017988,0.037487842
logo_1024/beyond_logotype.png,BEYOND,B,BEYOND,,0.0026127007,0.0021026367,0.011531702,0.030497396,0.004886145,0.020431578,0.01518143,0.020769885,-0.026897846,0.027106628,0.028793722,0.014527069,0.008898756,0.016574295,0.019444296,0.01959003,0.023197997,-0.001968484,0.029268658,0.0046054036,0.019451138,0.0012977654,-0.006541245,-0.008575983,0.020767812,0.02403898,0.009844753,-0.0024420419,0.0039741467,0.018484358,0.0026385617,0.001731894,0.007691255,0.015237022,0.0340849,0.013123635,0.01606936,-0.009214684,0.008275606,0.0017285794,-0.013664991,0.038127877
logo_1024/unove_logotype.png,UNOVE,B,UNOVE,,-0.001041512,0.0042098616,0.007966991,0.0186475,0.011719709,0.012978851,0.011962229,0.012656309,-0.025537169,0.021797083,0.02335471,0.011482893,0.009300532,0.0035658535,0.014070262,0.0153362835,0.022167297,-0.00440548,0.021942316,0.002910967,0.008304502,0.007356885,-0.004668498,-0.004295121,0.015824769,0.024246242,0.0034738597,-0.006758051,-0.0022156616,0.012866158,0.0028631203,-0.0013632062,0.0103922635,0.010514796,0.036757506,0.008754358,0.0078102276,-0.0069955783,0.018758802,0.009883594,-0.014632709,0.030589445
logo_1024/laneige_logotype.png,LANEIGE,A,LANEIGE,,0.0041129887,0.0008394085,0.0080251945,0.021221805,0.006740218,0.019050064,0.0037807417,0.012377311,-0.031099427,0.019371029,0.012493279,0.002949777,0.008421153,0.007864017,-0.0037041004,0.012523688,0.019703876,-0.016014291,0.022698574,0.006248407,0.00770664,-0.010359156,-0.003191398,-0.0038269404,0.02183102,0.015072549,-0.0067366445,0.0028527323,0.0015779268,0.022898117,-0.009440627,-0.0007179291,-0.0145043405,0.0063281097,0.020163268,-0.006107824,0.019278621,-0.021385387,-0.004098213,-0.00068822503,-0.0027577467,0.042458475
logo_1024/dalba_logotype.png,d'Alba,B,d'Alba,,0.001860857,0.006238383,0.012139159,0.023078611,0.009722769,0.015978938,0.013530238,0.015799291,-0.027981663,0.024081504,0.03167929,0.014099088,0.01207523,0.009885775,0.009796316,0.0165297,0.027878342,-0.0073839044,0.026435543,0.0069177295,0.019028531,0.0003341837,-0.0035026367,-0.008305425,0.023031024,0.02159233,-0.0035896115,-0.0051916526,0.0046964614,0.014682986,-0.0011806097,0.002103516,0.007160822,0.013992477,0.039081745,0.008260902,0.010734819,-0.010061287,0.014547715,0.0066908784,-0.010149505,0.039061155
logo_1024/innisfree_logotype.png,innisfree,A,innisfree,,0.013072828,0.009302673,0.0146318395,0.024698934,-0.012806665,0.025241852,0.021239884,0.016089525,-0.044101868,0.021569617,0.025526281,0.019691793,0.011395915,0.0028711502,-0.02560509,0.020395163,0.042104382,-0.043470263,0.03540327,0.020615939,0.013888199,-0.010625633,0.017158931,0.0079759965,0.03716087,0.013949725,-0.040635735,0.0142774675,0.024221633,0.021817617,-0.031829886,0.009527444,-0.0026672147,0.021828916,0.036213458,0.011526901,0.034082726,-0.017429955,0.028229516,0.018470515,0.021635056,0.051693723
logo_1024/biohealboh_logotype.png,BIOHEAL BOH,B,BIOHEAL BOH,,0.0039870143,0.0006013474,0.0073757786,0.0101891495,0.0034463368,0.013198123,0.0036550816,0.010442955,-0.012026108,0.025229579,0.00078267825,0.016275177,0.015519377,0.014890121,-0.0038394497,0.012121971,0.026827034,-0.01229165,0.023361802,0.00484992,0.010400809,-0.00023013819,0.0024356553,-0.0031318543,0.02571448,0.025473649,0.008043615,-0.0014525764,-0.0030947472,0.013053672,0.00353745,0.0014702515,0.0053684954,0.00993995,0.026406623,-0.0006603785,0.00855235,-0.011775829,0.015894983,0.012177281,-0.0060229935,0.040301032
logo_1024/aestura_logotype.png,AESTURA,A,AESTURA,,0.0037905825,0.0016835118,0.009177954,0.022189885,0.0071107335,0.019544877,0.0021786434,0.01088864,-0.030720271,0.017020628,0.0145462835,0.0031007593,0.008338485,0.0017887168,-0.0064529614,0.010505851,0.019251501,-0.021426871,0.02256759,0.0066381516,0.0110746,-0.015468373,-0.0031963317,-0.0020644106,0.0237418,0.012473154,-0.011210661,0.002770544,-0.00019804807,0.02677264,-0.008778622,-0.000381676,-0.021539252,0.0049634166,0.020165227,-0.011951944,0.014372498,-0.02549367,-0.0074737733,-0.0016791597,-0.0019189045,0.044355527
logo_1024/drg_logotype.png,Dr.G,B,Dr.G,,0.0033535734,0.0050762403,0.015902862,0.019393621,-0.00113816,0.013293952,0.018194806,0.012745684,-0.032059923,0.015164798,0.029100364,0.017526705,0.010660535,-0.0027135536,0.009453328,0.020003319,0.031085446,-0.010069847,0.028220922,0.00855107,0.0121409055,0.0068301773,-0.0034331826,-0.0021355022,0.020285908,0.019651227,-0.004854289,-0.0035026823,0.0077336016,0.008827675,-0.00067357905,0.008212253,0.01627357,0.017040145,0.042590164,0.01633722,0.013625458,-0.0056653023,0.031095497,0.015693292,-0.006648071,0.033490315
logo_1024/beplain_logotype.png,beplain,A,beplain,,-0.0005294299,0.0010621909,0.0035233286,0.0084153395,0.0123339165,0.013779915,0.0013100123,0.008656027,-0.029863425,0.02833889,0.0040689344,0.003722935,0.017101634,0.006344797,-0.00721561,0.01172523,0.020954903,-0.011825925,0.019671204,0.004327745,0.0054358365,-0.0055286232,0.0030320701,0.001869346,0.021597888,0.012441101,-0.017017465,0.0020541297,0.0013687015,0.01866538,-0.0003154017,-0.0028077492,-0.0062166397,0.0032593235,0.017318875,-0.0071018375,0.015090462,-0.021345884,0.00327814,0.00358624,-0.0017061979,0.043495532
logo_1024/CLIO_logotype.png,CLIO,A,CLIO,,0.0026512472,-0.0030102702,0.0071313605,0.0069642975,-6.702356e-05,0.009497473,0.006406026,0.0039310087,-0.023949562,0.020546831,0.0048677973,0.020884048,0.014234478,0.004124712,-0.008772212,0.011695582,0.025714986,-0.016254945,0.020846847,0.0050332784,0.0053488715,-1.631584e-05,0.0035354525,0.00062305573,0.02494153,0.018963808,-0.0052048657,-0.00073127355,0.0050335405,0.00945832,8.722767e-05,5.416386e-05,0.0055691786,0.008089419,0.024353534,0.0025763847,0.012785841,-0.01175113,0.022735551,0.012148485,0.00049560517,0.04157576
logo_1024/manyo_logotype.png,ma:nyo,A,ma:nyo,,0.0074423878,0.006767092,0.011118968,0.019162439,-0.011144724,0.018745191,0.014031552,0.012579601,-0.041383512,0.02870673,0.01642383,0.021514233,0.013767004,0.0056496225,-0.018447042,0.01753149,0.03795827,-0.03379999,0.029718114,0.014487226,0.010134789,-0.011391208,0.018896937,0.007672362,0.03362175,0.0147422105,-0.034875423,0.008375889,0.019409154,0.016633589,-0.019687312,0.0047417474,0.0030781254,0.017348707,0.03665557,0.011945594,0.027922329,-0.01720231,0.02874074,0.019492395,0.014645126,0.048218366
logo_1024/tpsy_logotype.png,TPSY,A,TPSY,,0.000544033,0.0003096585,0.004599857,0.0055122445,-0.007928383,0.0069899624,0.006410897,0.0024379827,-0.022519885,0.01879171,0.0048518153,0.026092134,0.009461714,-0.0009277258,-0.009678172,0.011656443,0.031892024,-0.021368371,0.019196922,0.004769648,0.0034628287,0.004605921,0.0068472964,0.0024548927,0.022759523,0.024242274,-0.0050919843,-0.006959914,0.0054375716,0.0012179445,-0.008461975,-0.00080112036,0.02225472,0.011201639,0.03400722,0.010948271,0.009998899,-0.0040569473,0.038592048,0.024142783,0.0018451624,0.037255745
logo_1024/age20s_logotype.png,AGE20'S,A,AGE20'S,,0.0035188394,0.006740228,0.008132882,0.029054414,0.011907997,0.021590035,0.016663143,0.018883826,-0.033805046,0.020831574,0.030559197,0.0056092003,0.007456233,0.005263569,0.002269771,0.016153166,0.024719946,-0.01139499,0.029456634,0.007417571,0.01317628,0.0014366601,-0.0011841194,-0.0043693203,0.022147179,0.022175588,-0.009012865,0.0028606644,0.004982424,0.023823092,-0.005600186,0.0015395987,-0.003228616,0.010485832,0.027895384,0.0065038092,0.0199937,-0.010926476,0.010476383,0.0030496083,-0.0044738613,0.04090533
