Filename,Brand,Neutral_Text,Width,Height,Mode,Format,Foreground_BBox_W,Foreground_BBox_H,Foreground_Max,Standard_OK,Eligibility,Researcher_Note
logo_1024/biodance_logotype.png,biodance,biodance,1024,1024,L,PNG,807,149,807,True,A,
logo_1024/sulwhasoo_logotype.png,Sulwhasoo,Sulwhasoo,1024,1024,L,PNG,810,158,810,True,A,
logo_1024/mixsoon_logotype.png,mixsoon,mixsoon,1024,1024,L,PNG,808,164,808,True,A,
logo_1024/thesaem_logotype.png,THE SAEM,THE SAEM,1024,1024,L,PNG,809,111,809,True,A,
logo_1024/etude_logotype.png,ETUDE,ETUDE,1024,1024,L,PNG,798,177,798,True,A,
logo_1024/cnp_logotype.png,CNP Laboratory,CNP Laboratory,1024,1024,L,PNG,816,102,816,True,A,
logo_1024/tirtir_logotype.png,TIRTIR,TIRTIR,1024,1024,L,PNG,797,151,797,True,A,
logo_1024/thefaceshop_logotype.png,THE FACE SHOP,THE FACE SHOP,1024,1024,L,PNG,800,154,800,True,B,
logo_1024/naturerepublic_logotype.png,NATURE REPUBLIC,NATURE REPUBLIC,1024,1024,L,PNG,805,64,805,True,A,
logo_1024/peripera_logotype.png,peripera,peripera,1024,1024,L,PNG,803,190,803,True,A,
logo_1024/sum_logotype.png,su:m37°,su:m37°,1024,1024,L,PNG,808,157,808,True,A,
logo_1024/fwee_logotype.png,fwee,fwee,1024,1024,L,PNG,800,247,800,True,A,
logo_1024/loundlab_logotype.png,ROUND LAB,ROUND LAB,1024,1024,L,PNG,786,470,786,True,B,
logo_1024/tonymoly_logotype.png,TONYMOLY,TONYMOLY,1024,1024,L,PNG,812,101,812,True,A,
logo_1024/thewhoo_logotype.png,THE WHOO,THE WHOO,1024,1024,L,PNG,809,109,809,True,A,
logo_1024/sooryehan_logotype.png,Sooryehan,Sooryehan,1024,1024,L,PNG,808,199,808,True,A,
logo_1024/cosrx_logotype.png,COSRX,COSRX,1024,1024,L,PNG,808,165,808,True,A,
logo_1024/dominas_logotype.png,DOMINAS,DOMINAS,1024,1024,L,PNG,787,94,787,True,A,
logo_1024/ourwhy_logotype.png,OURWHY,OURWHY,1024,1024,L,PNG,812,113,812,True,A,
logo_1024/somebymi_logotype.png,SOME BY MI,SOME BY MI,1024,1024,L,PNG,815,112,815,True,A,
logo_1024/joseon_logotype.png,Beauty of Joseon,Beauty of Joseon,1024,1024,L,PNG,800,78,800,True,A,
logo_1024/fvrts_logotype.png,FVRTS,FVRTS,1024,1024,L,PNG,802,264,802,True,A,
logo_1024/Stembell_logotype.png,STEMBELL,STEMBELL,1024,1024,L,PNG,796,131,796,True,A,
logo_1024/retune_logotype.png,retune,retune,1024,1024,L,PNG,801,145,801,True,C,
logo_1024/medicube_logotype.png,medicube,medicube,1024,1024,L,PNG,803,140,803,True,A,
logo_1024/neopharm_logotype.png,NEOPHARM,NEOPHARM,1024,1024,L,PNG,817,105,817,True,C,
logo_1024/drbelmeur_logotype.png,Dr.Belmeur,Dr.Belmeur,1024,1024,L,PNG,806,289,806,True,A,
logo_1024/fromrier_logotype.png,fromrier,fromrier,1024,1024,L,PNG,804,180,804,True,A,
logo_1024/amuse_logotype.png,AMUSE,AMUSE,1024,1024,L,PNG,815,145,815,True,A,
logo_1024/numbuzin_logotype.png,numbuzin,numbuzin,1024,1024,L,PNG,810,124,810,True,A,
logo_1024/alternativestereo_logotype.png,alternative stereo,alternative stereo,1024,1024,L,PNG,808,470,808,True,B,
logo_1024/freshian_logotype.png,freshian,freshian,1024,1024,L,PNG,809,201,809,True,A,
logo_1024/celimax_logotype.png,celimax,celimax,1024,1024,L,PNG,820,172,820,True,A,
logo_1024/torriden_logotype.png,Torriden,Torriden,1024,1024,L,PNG,807,156,807,True,A,
logo_1024/kahi_logotype.png,KAHI,KAHI,1024,1024,L,PNG,798,122,798,True,B,
logo_1024/skin1004_logotype.png,SKIN1004,SKIN1004,1024,1024,L,PNG,812,68,812,True,A,
logo_1024/codeglokolor_logotype.png,code glökolor,code glökolor,1024,1024,L,PNG,807,117,807,True,A,
logo_1024/skinfood_logotype.png,SKINFOOD,SKINFOOD,1024,1024,L,PNG,804,216,804,True,B,
logo_1024/glint_logotype.png,Glint,Glint,1024,1024,L,PNG,803,372,803,True,B,
logo_1024/vdl_logotype.png,VDL,VDL,1024,1024,L,PNG,804,187,804,True,A,
logo_1024/ohui_logotype.png,OHUI,OHUI,1024,1024,L,PNG,805,214,805,True,A,
logo_1024/centellian_logotype.png,Centellian24+,Centellian24+,1024,1024,L,PNG,806,138,806,True,B,
logo_1024/abib_logotype.png,Abib,Abib,1024,1024,L,PNG,806,252,806,True,A,
logo_1024/hera_logotype.png,HERA,HERA,1024,1024,L,PNG,814,150,814,True,A,
logo_1024/uglylovely_logotype.png,UGLY LOVELY,UGLY LOVELY,1024,1024,L,PNG,806,89,806,True,A,
logo_1024/tiela_logotype.png,TIELA,TIELA,1024,1024,L,PNG,814,112,814,True,A,
logo_1024/missha_logotype.png,MISSHA,MISSHA,1024,1024,L,PNG,798,181,798,True,A,
logo_1024/violetdream.png,VIOLET DREAM,VIOLET DREAM,1024,1024,L,PNG,799,569,799,True,B,
logo_1024/fation_logotype.png,FATION,FATION,1024,1024,L,PNG,810,142,810,True,B,
logo_1024/menokin_logotype.png,MENOKIN,MENOKIN,1024,1024,L,PNG,812,158,812,True,A,
logo_1024/anua_logotype.png,Anua,Anua,1024,1024,L,PNG,812,198,812,True,A,
logo_1024/farmrx_logotype.png,farmrx,farmrx,1024,1024,L,PNG,800,301,800,True,A,
logo_1024/drjart_logotype.png,Dr.Jart+,Dr.Jart+,1024,1024,L,PNG,798,161,798,True,A,
logo_1024/laboh_logotype.png,LABO-H,LABO-H,1024,1024,L,PNG,799,143,799,True,A,
logo_1024/iisaknox_logotype.png,ISA KNOX,ISA KNOX,1024,1024,L,PNG,805,133,805,True,A,
logo_1024/beyond_logotype.png,BEYOND,BEYOND,1024,1024,L,PNG,821,259,821,True,B,
logo_1024/unove_logotype.png,UNOVE,UNOVE,1024,1024,L,PNG,789,171,789,True,B,
logo_1024/laneige_logotype.png,LANEIGE,LANEIGE,1024,1024,L,PNG,796,142,796,True,A,
logo_1024/dalba_logotype.png,d'Alba,d'Alba,1024,1024,L,PNG,806,308,806,True,B,
logo_1024/innisfree_logotype.png,innisfree,innisfree,1024,1024,L,PNG,800,104,800,True,A,
logo_1024/biohealboh_logotype.png,BIOHEAL BOH,BIOHEAL BOH,1024,1024,L,PNG,806,330,806,True,B,
logo_1024/aestura_logotype.png,AESTURA,AESTURA,1024,1024,L,PNG,817,140,817,True,A,
logo_1024/drg_logotype.png,Dr.G,Dr.G,1024,1024,L,PNG,801,396,801,True,B,
logo_1024/beplain_logotype.png,beplain,beplain,1024,1024,L,PNG,814,272,814,True,A,
logo_1024/CLIO_logotype.png,CLIO,CLIO,1024,1024,L,PNG,803,244,803,True,A,
logo_1024/manyo_logotype.png,ma:nyo,ma:nyo,1024,1024,L,PNG,800,180,800,True,A,
logo_1024/tpsy_logotype.png,TPSY,TPSY,1024,1024,L,PNG,797,284,797,True,A,
logo_1024/age20s_logotype.png,AGE20'S,AGE20'S,1024,1024,L,PNG,817,166,817,True,A,
