Filename,Brand,Eligibility,Neutral_Text,Researcher_Note,Sincerity,Excitement,Competence,Sophistication,Ruggedness
logo_1024/biodance_logotype.png,biodance,A,biodance,,0.010956204,0.0065814103,0.000737869,0.019923981,0.016983626
logo_1024/sulwhasoo_logotype.png,Sulwhasoo,A,Sulwhasoo,,0.011668323,0.0041531385,-0.0005893197,0.0077840574,0.0066189775
logo_1024/mixsoon_logotype.png,mixsoon,A,mixsoon,,0.010680857,0.0035535896,0.0022311024,0.007138415,0.0040031774
logo_1024/thesaem_logotype.png,THE SAEM,A,THE SAEM,,0.0117142545,0.0047528166,0.008419848,0.013343065,0.01859023
logo_1024/etude_logotype.png,ETUDE,A,ETUDE,,0.007256911,0.004174615,0.0035362851,0.009628132,0.012703416
logo_1024/cnp_logotype.png,CNP Laboratory,A,CNP Laboratory,,0.0098189,0.0071489317,0.007548416,0.02216298,0.022846496
logo_1024/tirtir_logotype.png,TIRTIR,A,TIRTIR,,0.009137979,0.006910849,0.005629488,0.008730749,0.010457043
logo_1024/thefaceshop_logotype.png,THE FACE SHOP,B,THE FACE SHOP,,0.0057345587,0.005297224,0.0027608387,0.008049863,0.0054548304
logo_1024/naturerepublic_logotype.png,NATURE REPUBLIC,A,NATURE REPUBLIC,,0.009743788,0.0059079533,0.001020201,0.010777005,0.00427838
logo_1024/peripera_logotype.png,peripera,A,peripera,,0.011631621,0.016288381,0.0063706185,0.021602916,0.018543052
logo_1024/sum_logotype.png,su:m37°,A,su:m37°,,0.012508329,0.007757853,0.0026120965,0.013098332,0.009418725
logo_1024/fwee_logotype.png,fwee,A,fwee,,0.00612712,0.007189095,0.0076228883,0.008479544,0.013716519
logo_1024/loundlab_logotype.png,ROUND LAB,B,ROUND LAB,,0.0046386425,0.010083585,0.007744979,0.016870815,0.018930227
logo_1024/tonymoly_logotype.png,TONYMOLY,A,TONYMOLY,,0.00015827667,0.0039676633,0.0042152475,0.004574475,0.0099733565
logo_1024/thewhoo_logotype.png,THE WHOO,A,THE WHOO,,0.009951557,0.0032555996,0.004406697,0.0065149963,0.0099130785
logo_1024/sooryehan_logotype.png,Sooryehan,A,Sooryehan,,0.004871778,-0.0020560478,-0.0014101776,-0.002252844,0.0020133639
logo_1024/cosrx_logotype.png,COSRX,A,COSRX,,0.0026423929,0.005921776,0.0037891038,0.0057698954,0.007479995
logo_1024/dominas_logotype.png,DOMINAS,A,DOMINAS,,0.005353355,0.0060588853,0.0016983134,-0.0006050393,-0.006414392
logo_1024/ourwhy_logotype.png,OURWHY,A,OURWHY,,0.0050867693,0.002181701,0.0043278076,0.001929508,0.0036037616
logo_1024/somebymi_logotype.png,SOME BY MI,A,SOME BY MI,,0.012758272,0.01028629,0.0060040858,0.020177353,0.015463933
logo_1024/joseon_logotype.png,Beauty of Joseon,A,Beauty of Joseon,,0.002739192,-0.0033466518,-0.006419327,-0.0072622686,-0.010696473
logo_1024/fvrts_logotype.png,FVRTS,A,FVRTS,,0.003645257,0.0075323954,0.002899316,0.009449864,0.014888242
logo_1024/Stembell_logotype.png,STEMBELL,A,STEMBELL,,0.009130148,0.004487021,-0.0009256581,0.0022100003,-0.0022776062
logo_1024/retune_logotype.png,retune,C,retune,,0.008845506,0.010083047,0.0019045264,0.02208674,0.016257865
logo_1024/medicube_logotype.png,medicube,A,medicube,,0.0050829607,0.00812089,0.005104939,0.008134803,0.010757913
logo_1024/neopharm_logotype.png,NEOPHARM,C,NEOPHARM,,0.011970049,0.006533881,0.0084681325,0.01619032,0.01923011
logo_1024/drbelmeur_logotype.png,Dr.Belmeur,A,Dr.Belmeur,,0.012942519,0.018107189,0.008949539,0.022052612,0.0174289
logo_1024/fromrier_logotype.png,fromrier,A,fromrier,,0.014095229,0.007374988,0.003936335,0.016896402,0.014144888
logo_1024/amuse_logotype.png,AMUSE,A,AMUSE,,0.0065163984,0.008606899,0.0077026593,0.00919945,0.012731801
logo_1024/numbuzin_logotype.png,numbuzin,A,numbuzin,,0.0131379105,0.007571979,0.006847548,0.012066585,0.013034853
logo_1024/alternativestereo_logotype.png,alternative stereo,B,alternative stereo,,0.00020468736,0.007278029,0.004549945,0.018609501,0.020293854
logo_1024/freshian_logotype.png,freshian,A,freshian,,0.007544087,0.008147072,0.001047229,0.005686454,0.00051157014
logo_1024/celimax_logotype.png,celimax,A,celimax,,0.005780863,0.0063817683,0.0058624484,0.012983285,0.016639361
logo_1024/torriden_logotype.png,Torriden,A,Torriden,,0.007669506,0.0032533137,0.003596674,0.014514996,0.017989112
logo_1024/kahi_logotype.png,KAHI,B,KAHI,,0.0038020054,0.0031174768,0.0013671039,-0.00044547697,0.0025125702
logo_1024/skin1004_logotype.png,SKIN1004,A,SKIN1004,,0.00020107298,0.003020111,-0.00015223655,-0.0062220097,-0.007296389
logo_1024/codeglokolor_logotype.png,code glökolor,A,code glökolor,,0.009703704,0.014720127,0.00617874,0.020307407,0.015214266
logo_1024/skinfood_logotype.png,SKINFOOD,B,SKINFOOD,,0.0143691385,0.012498898,0.0077817417,0.02070154,0.015968248
logo_1024/glint_logotype.png,Glint,B,Glint,,0.0078110825,0.01046491,0.0039001042,0.0136976205,0.01069081
logo_1024/vdl_logotype.png,VDL,A,VDL,,-0.004388349,0.0031776107,-0.0013952107,-0.006806447,-0.0048863366
logo_1024/ohui_logotype.png,OHUI,A,OHUI,,0.011870744,0.009387866,0.009363569,0.015781075,0.019136608
logo_1024/centellian_logotype.png,Centellian24+,B,Centellian24+,,0.011548499,0.008343151,0.0064922334,0.018311571,0.018638536
logo_1024/abib_logotype.png,Abib,A,Abib,,0.008303362,0.007579557,0.0071385056,0.016240165,0.020866897
logo_1024/hera_logotype.png,HERA,A,HERA,,0.009091551,0.00867623,0.006996321,0.006719069,0.0068848557
logo_1024/uglylovely_logotype.png,UGLY LOVELY,A,UGLY LOVELY,,0.0034596417,0.010050943,0.0017121271,0.009097103,0.006707667
logo_1024/tiela_logotype.png,TIELA,A,TIELA,,0.007063409,0.009354615,0.0023683833,0.0045847995,-0.0054125665
logo_1024/missha_logotype.png,MISSHA,A,MISSHA,,-0.012607495,-0.0059088552,-0.0051220646,-0.023333624,-0.018298524
logo_1024/violetdream.png,VIOLET DREAM,B,VIOLET DREAM,,0.0065805586,0.010566283,0.00573373,0.010296909,0.010865701
logo_1024/fation_logotype.png,FATION,B,FATION,,0.005818152,0.0077609327,0.0066328384,0.011798899,0.013567486
logo_1024/menokin_logotype.png,MENOKIN,A,MENOKIN,,-0.0027882878,-0.0027382053,-0.0018195774,-0.01194788,-0.0063540014
logo_1024/anua_logotype.png,Anua,A,Anua,,0.006708591,0.003528642,0.0069041736,0.006485764,0.01309714
logo_1024/farmrx_logotype.png,farmrx,A,farmrx,,0.010400204,0.009657279,0.004850698,0.0125362,0.008915749
logo_1024/drjart_logotype.png,Dr.Jart+,A,Dr.Jart+,,0.004866772,0.008527696,0.0073015783,0.017027337,0.019914791
logo_1024/laboh_logotype.png,LABO-H,A,LABO-H,,0.001413351,0.005728147,0.004998725,0.010125686,0.013123877
logo_1024/iisaknox_logotype.png,ISA KNOX,A,ISA KNOX,,0.006582505,0.0042743166,0.0022318272,0.00028639263,-0.0015868777
logo_1024/beyond_logotype.png,BEYOND,B,BEYOND,,0.01291597,0.0140447505,0.006909927,0.014656344,0.006247305
logo_1024/unove_logotype.png,UNOVE,B,UNOVE,,0.009251986,0.010066727,0.00459298,0.012144324,0.0075969864
logo_1024/laneige_logotype.png,LANEIGE,A,LANEIGE,,0.007082637,0.00511506,0.0045596375,0.0040733176,0.005563211
logo_1024/dalba_logotype.png,d'Alba,B,d'Alba,,0.01173268,0.012093529,0.004692541,0.013555713,0.009090797
logo_1024/innisfree_logotype.png,innisfree,A,innisfree,,0.011094133,0.006885944,0.0071218465,0.018418705,0.02321054
logo_1024/biohealboh_logotype.png,BIOHEAL BOH,B,BIOHEAL BOH,,0.006160913,0.0094516715,0.007842149,0.008512882,0.011285583
logo_1024/aestura_logotype.png,AESTURA,A,AESTURA,,0.0069954256,0.003373984,0.004478896,0.00093804486,0.0048347213
logo_1024/drg_logotype.png,Dr.G,B,Dr.G,,0.009541505,0.0117303785,0.004655464,0.019013135,0.013564475
logo_1024/beplain_logotype.png,beplain,A,beplain,,0.0046732267,0.0057197306,0.0048550833,0.0032570723,0.00803375
logo_1024/CLIO_logotype.png,CLIO,A,CLIO,,0.0033448087,0.0070946068,0.006300755,0.008904753,0.014373326
logo_1024/manyo_logotype.png,ma:nyo,A,ma:nyo,,0.007979594,0.0070901313,0.007198795,0.01694868,0.020887677
logo_1024/tpsy_logotype.png,TPSY,A,TPSY,,0.002035361,0.0065064705,0.0047161807,0.014601605,0.019554876
logo_1024/age20s_logotype.png,AGE20'S,A,AGE20'S,,0.012654215,0.009216239,0.006202495,0.010531617,0.00954112
