Filename,Brand,Eligibility,Neutral_Text,Researcher_Note,Raw_down_to_earth,Raw_honest,Raw_wholesome,Raw_cheerful,Raw_daring,Raw_spirited,Raw_imaginative,Raw_up_to_date,Raw_reliable,Raw_intelligent,Raw_successful,Raw_upper_class,Raw_charming,Raw_outdoorsy,Raw_tough
logo_1024/biodance_logotype.png,biodance,A,biodance,,0.010929864,0.011709444,0.021208938,-2.3430834e-05,0.00314363,0.015464276,-0.0019322168,0.009649951,0.0050925408,-0.004172306,0.0012933724,0.011606892,0.02824107,0.012586678,0.021380575
logo_1024/sulwhasoo_logotype.png,Sulwhasoo,A,Sulwhasoo,,0.00844537,0.019097457,0.020473715,-0.0013432503,-0.0016898067,0.010783083,0.0015566293,0.005962649,0.0019567918,-0.00993383,0.0062090796,-0.0015271883,0.017095303,-0.009273205,0.02251116
logo_1024/mixsoon_logotype.png,mixsoon,A,mixsoon,,0.008683797,0.016885197,0.023063933,-0.0059094974,-0.0013592184,0.011677104,0.003521407,0.00037506595,0.0069487058,-0.010712015,0.010456617,-0.0038760833,0.018152913,-0.014234077,0.022240432
logo_1024/thesaem_logotype.png,THE SAEM,A,THE SAEM,,0.011750269,0.017335514,0.017955411,-0.00018417525,0.0071005006,0.011415412,-0.0015302524,0.002025606,0.021756193,-0.0034316822,0.0069350326,0.0031138405,0.02357229,0.0003217825,0.036858678
logo_1024/etude_logotype.png,ETUDE,A,ETUDE,,0.0066729463,0.009036401,0.012524033,0.00079426356,0.007702349,0.009023626,-0.0025786832,0.0025511656,0.009816638,-0.002519077,0.0033112944,0.001844837,0.017411428,0.0011477569,0.024259076
logo_1024/cnp_logotype.png,CNP Laboratory,A,CNP Laboratory,,0.010903489,0.011675882,0.018320167,-0.0016239354,0.00988347,0.014974065,-0.0023148265,0.006053017,0.020075917,-0.00070516084,0.0032744904,0.011661281,0.03266468,0.010039953,0.03565304
logo_1024/tirtir_logotype.png,TIRTIR,A,TIRTIR,,0.0035719175,0.016196989,0.011493462,0.0052895453,0.008081925,0.011200574,0.0025750361,0.00578586,0.00433459,0.0063026845,0.00625119,0.0032958211,0.014165677,0.004618577,0.016295508
logo_1024/thefaceshop_logotype.png,THE FACE SHOP,B,THE FACE SHOP,,0.0043833256,0.011245119,0.009326063,-0.0020162736,0.0053478,0.0112620285,0.0014185319,0.0031605356,0.0025557324,0.0044893576,0.001237426,0.0010199124,0.015079814,-0.008188182,0.019097842
logo_1024/naturerepublic_logotype.png,NATURE REPUBLIC,A,NATURE REPUBLIC,,0.0017591286,0.020178782,0.013474376,0.003562867,0.0016045887,0.012921952,0.0031336024,0.00597167,-0.0039857873,0.005741067,0.0013053231,0.0013537129,0.020200297,-0.0033637367,0.011920497
logo_1024/peripera_logotype.png,peripera,A,peripera,,0.002166149,0.011437863,0.014957432,0.01796504,0.016094344,0.019127144,0.012852132,0.017079907,0.005325695,0.008948945,0.004837215,0.014522615,0.028683215,0.017397588,0.019688515
logo_1024/sum_logotype.png,su:m37°,A,su:m37°,,0.008111811,0.019559044,0.016909085,0.0054533724,0.004046354,0.015224103,0.0043936307,0.007367324,0.0060512964,-0.0033368487,0.005121842,0.004570414,0.02162625,0.00032279422,0.018514656
logo_1024/fwee_logotype.png,fwee,A,fwee,,0.006457864,0.009194382,0.011023427,-0.0021671916,0.0107637,0.010753834,0.0049223844,0.0023164619,0.016572779,-0.0018919265,0.008187813,0.001982462,0.014976625,3.8833357e-05,0.027394203
logo_1024/loundlab_logotype.png,ROUND LAB,B,ROUND LAB,,0.004017242,0.0038229504,0.005829096,0.004885281,0.016983068,0.01528405,0.0021544145,0.00591281,0.010329037,0.008919619,0.003986281,0.014325805,0.019415826,0.01831532,0.019545134
logo_1024/tonymoly_logotype.png,TONYMOLY,A,TONYMOLY,,-0.0038628296,0.0059148283,0.00032663136,-0.0017455233,0.009356945,0.0065693557,0.00020417571,-0.0002598247,0.005664713,0.0066420943,0.0003389345,0.00017154403,0.008977406,0.0018219016,0.018124811
logo_1024/thewhoo_logotype.png,THE WHOO,A,THE WHOO,,0.0076077427,0.018116044,0.015188517,-0.001106076,0.0026941288,0.008188247,-0.0005961349,0.0027361575,0.009892986,-0.0005539882,0.003881093,-0.0023452912,0.015375284,-0.0057746395,0.025600797
logo_1024/sooryehan_logotype.png,Sooryehan,A,Sooryehan,,0.0056917393,0.014084623,0.010624654,-0.010913904,-0.0053098425,0.0016542738,-0.0030273665,-0.0015412556,0.0060880985,-0.013001741,0.0026831098,-0.011924352,0.0074186637,-0.021827588,0.025854316
logo_1024/cosrx_logotype.png,COSRX,A,COSRX,,0.00073149893,0.0068077645,0.0030759913,-4.5683235e-05,0.010313141,0.009681937,0.002454705,0.0012373194,0.0049453736,0.0025595606,0.0038623773,0.00024150808,0.011298283,-0.002223971,0.017183961
logo_1024/dominas_logotype.png,DOMINAS,A,DOMINAS,,-0.0036677597,0.017728152,0.0066824686,0.00067056,0.005151438,0.01051233,0.009791668,-0.0012198933,-0.007781872,0.0062834094,0.006593403,-0.007191269,0.0059811906,-0.015980365,0.0031515807
logo_1024/ourwhy_logotype.png,OURWHY,A,OURWHY,,0.004772347,0.013511165,0.0060228715,-0.0039593065,0.005261077,0.0077436813,-0.0021538427,-0.002124112,0.009596044,-0.0010045076,0.004391886,-0.0063655525,0.010224569,-0.012025499,0.019233022
logo_1024/somebymi_logotype.png,SOME BY MI,A,SOME BY MI,,0.009784146,0.01598304,0.02053637,0.004729532,0.0073232986,0.02098394,0.006178961,0.0066589587,0.00891869,0.005044621,0.004048947,0.013701141,0.026653567,0.016239343,0.0146885235
logo_1024/joseon_logotype.png,Beauty of Joseon,A,Beauty of Joseon,,-0.0023141624,0.01555255,0.0089791585,-0.011260778,-0.0070096347,0.00064987846,-0.0019402308,-0.00508662,-0.008525628,-0.010554083,-0.00017827067,-0.017373899,0.0028493616,-0.028614217,0.007221272
logo_1024/fvrts_logotype.png,FVRTS,A,FVRTS,,-0.0016031903,0.005172519,0.003966882,0.007044818,0.012372668,0.008183449,0.0026723645,0.0069011007,0.004095838,0.00067553064,0.0039265784,0.0054147243,0.013485004,0.0097766975,0.019999787
logo_1024/Stembell_logotype.png,STEMBELL,A,STEMBELL,,0.0034545676,0.019353524,0.012200427,0.0015120724,0.00015080348,0.0112647,0.005000241,0.0015323391,-0.0047566956,-0.0033163542,0.0052960753,-0.0064470465,0.010867047,-0.01739305,0.012837838
logo_1024/retune_logotype.png,retune,C,retune,,0.0041187233,0.011395638,0.016516104,0.0033515617,0.008183413,0.018750625,0.0054784687,0.00791968,0.0011563109,0.0025510981,0.0020061706,0.014823951,0.029349526,0.019364994,0.013150737
logo_1024/medicube_logotype.png,medicube,A,medicube,,-0.0026707556,0.011624563,0.0034263888,0.007951647,0.010049309,0.012213603,0.007146894,0.003073753,0.0048279264,0.0050999755,0.0053869155,0.003292408,0.012977198,0.0045264796,0.016989347
logo_1024/neopharm_logotype.png,NEOPHARM,C,NEOPHARM,,0.010808717,0.016821459,0.016296934,0.003953084,0.009076639,0.0133179575,-0.0016727392,0.0054136664,0.017294237,0.0043311696,0.0037789897,0.006902738,0.025477903,0.0068013407,0.03165888
logo_1024/drbelmeur_logotype.png,Dr.Belmeur,A,Dr.Belmeur,,-0.0019348664,0.015737263,0.012141224,0.025826456,0.014516517,0.023563487,0.018020693,0.016328057,0.00010301328,0.021649742,0.0050958595,0.016709609,0.027395615,0.019098125,0.015759673
logo_1024/fromrier_logotype.png,fromrier,A,fromrier,,0.012040739,0.018448105,0.024101323,0.0017907508,0.0035956663,0.015122793,0.002533896,0.008247598,0.010257316,-0.004304961,0.0058566495,0.006337574,0.027455231,0.006220386,0.02206939
logo_1024/amuse_logotype.png,AMUSE,A,AMUSE,,0.0023383328,0.010484097,0.00713018,0.006112983,0.012967697,0.012077107,0.0042082937,0.0051744953,0.007779762,0.00936364,0.005964576,0.00543626,0.012962639,0.00672231,0.018741291
logo_1024/numbuzin_logotype.png,numbuzin,A,numbuzin,,0.0074344887,0.02043396,0.014059131,0.010624063,0.0066750734,0.014466581,0.0036070412,0.005539222,0.012402325,-0.00069157593,0.008831895,0.0021959885,0.021937182,-0.0017311809,0.027800888
logo_1024/alternativestereo_logotype.png,alternative stereo,B,alternative stereo,,-0.0016358141,-0.004044686,0.0022904207,0.004208829,0.013960448,0.012904596,0.0023382455,-9.1172056e-05,0.007663725,0.007937252,-0.0019511419,0.016292036,0.020926965,0.026581757,0.014005953
logo_1024/freshian_logotype.png,freshian,A,freshian,,-0.00034942618,0.017491015,0.01051447,0.00252029,0.0043930677,0.01305424,0.011167519,0.003973461,-0.005432099,0.0018478207,0.0067259655,-0.0015521321,0.01292504,-0.0060403864,0.0070635267
logo_1024/celimax_logotype.png,celimax,A,celimax,,0.0047249687,0.00950301,0.009956648,-0.0010611723,0.01232746,0.010156533,0.0003959993,0.002647082,0.014521896,-0.0017185714,0.004784021,0.004272721,0.021693848,0.0042267237,0.029051999
logo_1024/torriden_logotype.png,Torriden,A,Torriden,,0.009099302,0.0118807,0.015909903,-0.006211879,0.0045673414,0.009027017,-0.006440184,0.0058590793,0.014388802,-0.0049337354,0.0013349553,0.006056839,0.022973152,0.0067875977,0.029190628
logo_1024/kahi_logotype.png,KAHI,B,KAHI,,-0.0037616838,0.0132402815,-0.000117685646,0.0058471095,0.0055681053,0.0072998237,0.0025343073,-0.0029323294,-0.00024635065,0.0009659476,0.003381715,-0.0057052434,0.0048142895,-0.007716088,0.012741229
logo_1024/skin1004_logotype.png,SKIN1004,A,SKIN1004,,-0.009531068,0.013394851,-0.004698444,0.0016389525,0.0055879825,0.005104937,0.0055825296,-0.0041950042,-0.0081296405,0.0039327643,0.0037401665,-0.013254735,0.00081071566,-0.020670047,0.006077269
logo_1024/codeglokolor_logotype.png,code glökolor,A,code glökolor,,-0.0015887081,0.011652115,0.013837773,0.014913636,0.01241858,0.017732007,0.0130478805,0.015682036,0.0051059104,0.010350978,0.0030793303,0.010687202,0.029927611,0.011486513,0.018942019
logo_1024/skinfood_logotype.png,SKINFOOD,B,SKINFOOD,,0.010989144,0.016402073,0.01881055,0.011274788,0.008877121,0.02293413,0.009095404,0.009088937,0.008250701,0.0065633473,0.008531175,0.014185521,0.027217561,0.008278475,0.02365802
logo_1024/glint_logotype.png,Glint,B,Glint,,0.0054349974,0.0099463845,0.008777769,0.007085178,0.009703825,0.01654519,0.0076031964,0.0080074305,0.0027607835,0.0071210586,0.0018184707,0.010254617,0.017140625,0.008456283,0.012925336
logo_1024/vdl_logotype.png,VDL,A,VDL,,-0.01165467,0.005626183,-0.009375644,-0.0021492653,0.0056422832,0.003426383,0.00767533,-0.004033553,-0.008922954,0.0056880326,-0.00095071085,-0.010278282,-0.0033346128,-0.012837216,0.003064543
logo_1024/ohui_logotype.png,OHUI,A,OHUI,,0.012632623,0.012950621,0.01813862,0.0037611115,0.012126781,0.01419956,0.0010019299,0.010223195,0.018277312,0.0017763922,0.008037006,0.009463381,0.022098767,0.009357682,0.028915532
logo_1024/centellian_logotype.png,Centellian24+,B,Centellian24+,,0.007423151,0.017020842,0.01811913,0.0036308684,0.009462095,0.015442453,0.0033233073,0.005144747,0.0153262215,-0.0020959617,0.00624644,0.008402211,0.028220931,0.0045767664,0.032700308
logo_1024/abib_logotype.png,Abib,A,Abib,,0.011297931,0.008085783,0.015252861,-0.0014231285,0.01307422,0.011975045,-0.002866391,0.008135354,0.019861156,-0.00582205,0.0073764096,0.009180425,0.023299903,0.009134511,0.03259928
logo_1024/hera_logotype.png,HERA,A,HERA,,0.005515287,0.016611716,0.011499358,0.0027398418,0.012227115,0.01181019,0.0056260745,0.005041541,0.006133569,0.0061836164,0.008671778,0.0015256274,0.011912511,-0.000436704,0.014206415
logo_1024/uglylovely_logotype.png,UGLY LOVELY,A,UGLY LOVELY,,-0.01291785,0.009396169,0.0014185883,0.015941659,0.0066375784,0.012425675,0.0123644415,0.008776074,-0.011428281,0.01742745,-0.00086278777,0.005283205,0.012911002,0.010401231,0.0030141026
logo_1024/tiela_logotype.png,TIELA,A,TIELA,,-0.0011746823,0.017569698,0.009883425,0.0019751955,0.008377085,0.015142895,0.011812042,0.0020864361,-0.006956605,0.005611576,0.008450178,-0.003061397,0.012230996,-0.010585725,-0.00023940764
logo_1024/missha_logotype.png,MISSHA,A,MISSHA,,-0.01881524,0.0010184991,-0.008447704,-0.024185538,-0.0038855334,-0.009754035,0.0014536069,-0.01144946,-0.010907509,-0.0023486156,-0.0021100687,-0.02907378,-0.017593468,-0.042154383,0.005557336
logo_1024/violetdream.png,VIOLET DREAM,B,VIOLET DREAM,,0.0038484216,0.008947861,0.00835419,0.0051717605,0.0131236715,0.014345143,0.008415831,0.006380485,0.0046527223,0.008121924,0.004426543,0.006688642,0.013905176,0.0049180277,0.016813375
logo_1024/fation_logotype.png,FATION,B,FATION,,0.004534139,0.009516763,0.009666584,-0.00044487728,0.011099771,0.011301428,0.0031154305,0.0055271015,0.009153294,0.0066593937,0.004085827,0.0050591235,0.018538674,0.0023302983,0.024804674
logo_1024/menokin_logotype.png,MENOKIN,A,MENOKIN,,-0.007600069,0.00935962,-0.0013799025,-0.011532799,-0.0022636356,-0.0027515476,0.0013491684,-0.0072868057,-0.0036511074,-0.0015517836,-0.00025584083,-0.018159376,-0.005736382,-0.02439586,0.011687858
logo_1024/anua_logotype.png,Anua,A,Anua,,0.008588027,0.011634864,0.012349414,-0.005737943,0.0076735076,0.007114406,-0.0023259344,0.0016525878,0.019093849,-0.006243223,0.007861895,-0.0010844357,0.014055964,-0.004240915,0.030435195
logo_1024/farmrx_logotype.png,farmrx,A,farmrx,,0.0064235628,0.015306252,0.01841514,0.0014558578,0.0045688725,0.01609969,0.011037972,0.006922579,0.006168209,0.00019832312,0.008185563,0.003787358,0.021285042,-0.00034422553,0.018175725
logo_1024/drjart_logotype.png,Dr.Jart+,A,Dr.Jart+,,0.0006914898,0.008542481,0.008444957,0.0017881602,0.012084067,0.011864332,0.0025918167,0.007570572,0.010850393,0.008204383,0.0028499588,0.011471941,0.022582734,0.015692538,0.024137042
logo_1024/laboh_logotype.png,LABO-H,A,LABO-H,,0.0013508574,0.0041866344,0.0049045784,-0.0047886665,0.010637569,0.010154973,0.0009481674,0.00117188,0.009563432,0.003566835,0.0018659072,0.0049970434,0.015254329,0.00472022,0.021527534
logo_1024/iisaknox_logotype.png,ISA KNOX,A,ISA KNOX,,0.002145708,0.016628155,0.009665477,-0.002109318,0.003219579,0.009110294,0.005922419,-0.0011550268,0.0008059603,-0.00037768498,0.0062672063,-0.0071813352,0.0077541205,-0.015908683,0.012734927
logo_1024/beyond_logotype.png,BEYOND,B,BEYOND,,0.00541568,0.01860504,0.017975658,0.009667502,0.013333373,0.020744108,0.013650087,0.008451436,0.0018835278,0.010480563,0.008365689,0.008220057,0.021092633,0.00026316693,0.012231443
logo_1024/unove_logotype.png,UNOVE,B,UNOVE,,0.0037117798,0.0144486865,0.012309269,0.006538208,0.008116426,0.017191282,0.008768418,0.0061907843,0.00228705,0.00698735,0.004504539,0.0065146177,0.01777403,0.0072156056,0.007978368
logo_1024/laneige_logotype.png,LANEIGE,A,LANEIGE,,0.004325864,0.015670696,0.008079026,0.00025496012,0.0064116493,0.009507821,0.0033421414,0.0011986304,0.0049375608,0.0037295455,0.005011806,-0.0029647201,0.011111355,-0.008723942,0.019850364
logo_1024/dalba_logotype.png,d'Alba,B,d'Alba,,0.0067461333,0.016260108,0.0146647645,0.009259711,0.012020032,0.01806812,0.009525819,0.008760148,0.0037409875,0.0042703557,0.0060662795,0.007752272,0.019359155,0.0037257688,0.014455825
logo_1024/innisfree_logotype.png,innisfree,A,innisfree,,0.01233578,0.01237804,0.018664705,0.0009980103,0.01131962,0.012298152,-0.0040334966,0.007959501,0.020765265,-0.0041361805,0.0047364547,0.009563048,0.02727436,0.009756692,0.03666439
logo_1024/biohealboh_logotype.png,BIOHEAL BOH,B,BIOHEAL BOH,,0.0039880467,0.008944537,0.0070490185,0.0046620495,0.015561558,0.011703185,0.005535076,0.0050068637,0.0083394265,0.010688229,0.0044987914,0.005592899,0.011432865,0.005432145,0.01713902
logo_1024/aestura_logotype.png,AESTURA,A,AESTURA,,0.0048840162,0.016281832,0.0065336414,0.0002822134,0.00440932,0.0077681304,0.00057035964,0.0007481261,0.0061603524,0.0013443455,0.00593199,-0.005652504,0.0075285938,-0.011548868,0.021218311
logo_1024/drg_logotype.png,Dr.G,B,Dr.G,,0.008110892,0.010516471,0.015470245,0.0040684133,0.008491228,0.020180697,0.009075537,0.009174052,0.004905741,0.0037647516,0.005295899,0.013841989,0.024184281,0.013707829,0.013421122
logo_1024/beplain_logotype.png,beplain,A,beplain,,0.0013520299,0.011509724,0.0049830195,0.0008481334,0.009056455,0.0084881745,0.0039226394,0.0014116528,0.008833102,-0.00084074493,0.0065728934,-0.0019216886,0.008435833,-0.004827168,0.020894667
logo_1024/CLIO_logotype.png,CLIO,A,CLIO,,0.0022574458,0.0054649157,0.005168517,0.0004883556,0.01308108,0.009546119,0.0022959514,0.0034552778,0.009700012,0.0043425565,0.004859696,0.0045709205,0.0132385865,0.0077109686,0.021035682
logo_1024/manyo_logotype.png,ma:nyo,A,ma:nyo,,0.008442815,0.0089209685,0.0133055765,0.0012490159,0.01364362,0.012347574,-0.0020409385,0.004410269,0.020063683,-0.003919108,0.00545181,0.008389526,0.025507832,0.010343608,0.031431746
logo_1024/tpsy_logotype.png,TPSY,A,TPSY,,0.0018178495,0.0015246081,0.0044244397,0.0003745466,0.011542042,0.011290099,-0.0010857247,0.004279466,0.010687237,0.0040634586,-0.00060215284,0.010885079,0.01831813,0.019559296,0.019550454
logo_1024/age20s_logotype.png,AGE20'S,A,AGE20'S,,0.00613065,0.020850817,0.017773485,0.005861908,0.0061096675,0.014380962,0.009030823,0.007343504,0.0055312463,0.005341129,0.0077351104,0.0029322717,0.018130964,0.0008665053,0.018215735
